Date,Open,High,Low,Close,Volume,Ticker
2025-05-29,315.45001220703125,318.29998779296875,312.0,313.75,519933,ATHERENERG.NS
2025-05-30,314.70001220703125,316.3999938964844,310.6000061035156,313.0,500622,ATHERENERG.NS
2025-06-02,313.0,319.8999938964844,301.0,318.1000061035156,948805,ATHERENERG.NS
2025-06-03,315.04998779296875,320.1000061035156,314.04998779296875,314.6000061035156,367988,ATHERENERG.NS
2025-06-04,315.0,316.1499938964844,306.0,307.20001220703125,786276,ATHERENERG.NS
2025-06-05,309.45001220703125,312.0,306.1499938964844,308.6499938964844,674193,ATHERENERG.NS
2025-06-06,309.54998779296875,311.95001220703125,307.20001220703125,309.0,497230,ATHERENERG.NS
2025-06-09,311.79998779296875,315.79998779296875,310.6000061035156,313.0,573621,ATHERENERG.NS
2025-06-10,314.45001220703125,326.25,314.1000061035156,319.54998779296875,1159695,ATHERENERG.NS
2025-06-11,320.1499938964844,321.95001220703125,310.1000061035156,311.8999938964844,507550,ATHERENERG.NS
2025-06-12,314.70001220703125,315.20001220703125,310.54998779296875,313.79998779296875,274552,ATHERENERG.NS
2025-06-13,311.0,316.95001220703125,306.25,314.0,804276,ATHERENERG.NS
2025-06-16,314.0,321.0,312.20001220703125,319.6000061035156,655597,ATHERENERG.NS
2025-06-17,320.0,323.79998779296875,318.3500061035156,320.95001220703125,970236,ATHERENERG.NS
2025-06-18,321.45001220703125,331.1499938964844,318.20001220703125,323.70001220703125,1629711,ATHERENERG.NS
2025-06-19,323.70001220703125,324.75,315.5,319.20001220703125,586070,ATHERENERG.NS
2025-06-20,318.1000061035156,321.5,314.1499938964844,320.6499938964844,292109,ATHERENERG.NS
2025-06-23,316.0,320.6499938964844,314.3999938964844,317.75,271172,ATHERENERG.NS
2025-06-24,319.0,322.1000061035156,315.75,320.04998779296875,396873,ATHERENERG.NS
2025-06-25,320.45001220703125,344.45001220703125,320.45001220703125,340.8999938964844,3776138,ATHERENERG.NS
2025-06-26,337.95001220703125,342.75,332.75,336.0,867691,ATHERENERG.NS
2025-06-27,336.0,341.95001220703125,331.3999938964844,332.6000061035156,595650,ATHERENERG.NS
2025-06-30,336.70001220703125,336.70001220703125,328.8500061035156,332.29998779296875,575980,ATHERENERG.NS
2025-07-01,334.0,343.20001220703125,329.0,332.8999938964844,887758,ATHERENERG.NS
2025-07-02,334.54998779296875,344.0,332.20001220703125,336.8500061035156,657675,ATHERENERG.NS
2025-07-03,336.79998779296875,338.70001220703125,323.6000061035156,327.1000061035156,569386,ATHERENERG.NS
2025-07-04,330.0,333.8500061035156,326.1000061035156,328.25,375499,ATHERENERG.NS
2025-07-07,328.0,332.3500061035156,326.5,329.79998779296875,419981,ATHERENERG.NS
2025-07-08,329.79998779296875,331.70001220703125,320.45001220703125,329.75,848218,ATHERENERG.NS
2025-07-09,330.0,330.45001220703125,318.6000061035156,328.54998779296875,846999,ATHERENERG.NS
2025-07-10,331.3999938964844,337.45001220703125,328.3500061035156,330.8999938964844,704159,ATHERENERG.NS
2025-07-11,329.25,333.95001220703125,325.54998779296875,332.3999938964844,1076711,ATHERENERG.NS
2025-07-14,335.0,354.8999938964844,330.1000061035156,344.0,2192694,ATHERENERG.NS
2025-07-15,346.8500061035156,349.0,342.0,343.25,515489,ATHERENERG.NS
2025-07-16,344.70001220703125,348.3999938964844,338.54998779296875,339.8500061035156,315915,ATHERENERG.NS
2025-07-17,349.70001220703125,357.45001220703125,343.8500061035156,351.29998779296875,1541204,ATHERENERG.NS
2025-07-18,351.29998779296875,352.3500061035156,340.3999938964844,341.29998779296875,415916,ATHERENERG.NS
2025-07-21,342.0,343.1000061035156,332.54998779296875,336.8999938964844,359260,ATHERENERG.NS
2025-07-22,337.75,341.3999938964844,334.6499938964844,337.0,232344,ATHERENERG.NS
2025-07-23,337.0,338.75,333.1499938964844,335.45001220703125,159185,ATHERENERG.NS
2025-07-24,337.70001220703125,337.70001220703125,329.5,330.6000061035156,188949,ATHERENERG.NS
2025-07-25,333.0,342.04998779296875,330.0,334.29998779296875,976743,ATHERENERG.NS
2025-07-28,334.45001220703125,341.0,329.20001220703125,338.8999938964844,492737,ATHERENERG.NS
2025-07-29,338.8999938964844,347.3999938964844,336.3500061035156,344.75,465160,ATHERENERG.NS
2025-07-30,353.79998779296875,358.25,336.54998779296875,345.79998779296875,2829538,ATHERENERG.NS
2025-07-31,344.25,351.70001220703125,337.3999938964844,350.3500061035156,826869,ATHERENERG.NS
2025-08-01,352.0,355.20001220703125,345.3500061035156,347.29998779296875,814570,ATHERENERG.NS
2025-08-04,353.54998779296875,414.6499938964844,349.3500061035156,395.95001220703125,7920817,ATHERENERG.NS
2025-08-05,400.95001220703125,410.0,380.75,391.75,5442351,ATHERENERG.NS
2025-08-06,393.0,393.8999938964844,380.0,385.45001220703125,1196611,ATHERENERG.NS
2025-08-07,385.8999938964844,400.75,382.3500061035156,398.04998779296875,2059119,ATHERENERG.NS
2025-08-08,401.0,433.54998779296875,398.04998779296875,426.3500061035156,7331171,ATHERENERG.NS
2025-08-11,427.04998779296875,427.95001220703125,414.04998779296875,421.5,1655257,ATHERENERG.NS
2025-08-12,420.04998779296875,420.04998779296875,398.20001220703125,401.1000061035156,988861,ATHERENERG.NS
2025-08-13,405.0,421.0,404.04998779296875,412.29998779296875,2155564,ATHERENERG.NS
2025-08-14,415.75,426.0,412.79998779296875,416.45001220703125,716306,ATHERENERG.NS
2025-08-18,426.75,426.75,412.0,414.3500061035156,513787,ATHERENERG.NS
2025-08-19,417.20001220703125,450.0,412.04998779296875,435.95001220703125,2735287,ATHERENERG.NS
2025-08-20,436.04998779296875,436.04998779296875,412.8500061035156,416.6499938964844,1578507,ATHERENERG.NS
2025-08-21,420.75,424.70001220703125,407.70001220703125,416.1000061035156,1152936,ATHERENERG.NS
2025-08-22,417.79998779296875,431.3999938964844,414.5,417.25,1188579,ATHERENERG.NS
2025-08-25,425.0,430.79998779296875,415.1499938964844,417.70001220703125,1224907,ATHERENERG.NS
2025-08-26,417.95001220703125,451.0,413.29998779296875,431.5,4280682,ATHERENERG.NS
2025-08-28,434.8500061035156,438.6000061035156,426.3999938964844,430.20001220703125,1179714,ATHERENERG.NS
2025-08-29,430.0,459.0,421.6000061035156,450.1499938964844,3123592,ATHERENERG.NS
2025-09-01,465.04998779296875,512.7999877929688,445.29998779296875,486.79998779296875,20738470,ATHERENERG.NS
2025-09-02,491.8999938964844,500.0,481.1000061035156,496.70001220703125,5731260,ATHERENERG.NS
2025-09-03,499.1000061035156,510.3500061035156,491.8999938964844,500.6000061035156,4527758,ATHERENERG.NS
2025-09-04,504.8999938964844,507.29998779296875,485.0,487.04998779296875,1972024,ATHERENERG.NS
2025-09-05,489.8999938964844,508.79998779296875,488.3500061035156,499.3500061035156,2637989,ATHERENERG.NS
2025-09-08,501.5,549.6500244140625,492.70001220703125,520.25,9863869,ATHERENERG.NS
2025-09-09,525.4000244140625,603.0,522.0,573.25,6958106,ATHERENERG.NS
2025-09-10,576.1500244140625,578.7999877929688,522.0499877929688,541.5499877929688,9281402,ATHERENERG.NS
2025-09-11,545.0999755859375,554.7999877929688,529.2000122070312,541.9500122070312,3790172,ATHERENERG.NS
2025-09-12,544.9500122070312,551.75,537.5499877929688,542.5499877929688,2298895,ATHERENERG.NS
2025-09-15,546.0499877929688,560.75,542.7999877929688,546.9500122070312,2906042,ATHERENERG.NS
2025-09-16,550.0,559.5,548.5,556.2999877929688,1799189,ATHERENERG.NS
2025-09-17,561.8499755859375,587.0,559.9500122070312,570.0,4337300,ATHERENERG.NS
2025-09-18,573.0,573.0,557.0,562.5,1245500,ATHERENERG.NS
2025-09-19,560.0,589.0,557.0999755859375,584.5,2683018,ATHERENERG.NS
2025-09-22,583.5999755859375,614.4000244140625,580.3499755859375,591.5499877929688,3437632,ATHERENERG.NS
2025-09-23,593.9000244140625,594.4500122070312,566.0,572.5999755859375,1909319,ATHERENERG.NS
2025-09-24,572.5999755859375,592.0,568.5,581.8499755859375,1874021,ATHERENERG.NS
2025-09-25,581.5,581.5,534.5,557.2000122070312,3574883,ATHERENERG.NS
2025-09-26,552.0499877929688,565.75,537.4500122070312,539.9000244140625,2318093,ATHERENERG.NS
2025-09-29,545.9000244140625,587.9500122070312,542.5,580.5,3903208,ATHERENERG.NS
2025-09-30,579.75,580.4500122070312,556.5,565.5,1627211,ATHERENERG.NS
2025-10-01,568.0,598.7999877929688,565.4500122070312,587.2000122070312,2936283,ATHERENERG.NS
2025-10-03,589.5,609.5,585.5499877929688,593.0,2593675,ATHERENERG.NS
2025-10-06,591.7999877929688,624.9000244140625,582.0,620.8499755859375,3979396,ATHERENERG.NS
2025-10-07,621.0,639.9000244140625,615.5,630.0499877929688,3995656,ATHERENERG.NS
2025-10-08,630.0,679.0,624.0,639.1500244140625,8286039,ATHERENERG.NS
2025-10-09,640.0,644.8499755859375,621.3499755859375,624.0499877929688,2224905,ATHERENERG.NS
2025-10-10,625.75,625.75,592.0,594.8499755859375,2935522,ATHERENERG.NS
2025-10-13,596.5499877929688,623.4000244140625,595.8499755859375,611.4500122070312,4112180,ATHERENERG.NS
2025-10-14,614.0,627.3499755859375,603.7999877929688,615.0,2448761,ATHERENERG.NS
2025-10-15,618.0,661.7000122070312,612.4500122070312,635.5,5974698,ATHERENERG.NS
2025-10-16,638.0,694.9000244140625,637.9500122070312,688.5499877929688,15041099,ATHERENERG.NS
2025-10-17,680.0,703.0,672.0,693.2999877929688,7026025,ATHERENERG.NS
2025-10-20,688.0,730.4500122070312,683.0,722.2000122070312,4661258,ATHERENERG.NS
2025-10-21,735.0,790.0,726.2000122070312,765.8499755859375,3216919,ATHERENERG.NS
2025-10-23,770.0,773.5,713.7000122070312,733.4000244140625,6165372,ATHERENERG.NS
2025-10-24,738.8499755859375,747.4500122070312,693.2999877929688,706.2999877929688,4914129,ATHERENERG.NS
2025-10-27,705.0,749.4500122070312,705.0,734.3499755859375,5506352,ATHERENERG.NS
2025-10-28,748.9000244140625,765.9000244140625,731.0,736.3499755859375,4132281,ATHERENERG.NS
2025-10-29,740.0,742.0,700.2000122070312,706.2000122070312,2376591,ATHERENERG.NS
2025-10-30,708.3499755859375,721.0,677.4500122070312,707.2999877929688,3128104,ATHERENERG.NS
2025-10-31,714.0,722.0499877929688,686.0,691.9500122070312,1709337,ATHERENERG.NS
2025-11-03,700.0499877929688,700.0499877929688,686.9000244140625,691.6500244140625,1180308,ATHERENERG.NS
2025-11-04,691.0,708.0,660.75,667.1500244140625,2213018,ATHERENERG.NS
2025-11-06,665.0499877929688,665.0499877929688,582.0499877929688,633.8499755859375,28107723,ATHERENERG.NS
2025-11-07,632.5999755859375,663.0,625.0,654.6500244140625,5182271,ATHERENERG.NS
2025-11-10,653.0999755859375,653.8499755859375,615.0999755859375,625.7000122070312,5714254,ATHERENERG.NS
2025-11-11,640.0,664.1500244140625,625.0,659.7999877929688,7006525,ATHERENERG.NS
2025-11-12,658.0,659.2999877929688,624.0,628.5499877929688,2972690,ATHERENERG.NS
2025-11-13,643.0499877929688,659.9000244140625,619.0499877929688,639.1500244140625,7172037,ATHERENERG.NS
2025-11-14,641.4500122070312,662.0,623.2000122070312,649.5999755859375,5464288,ATHERENERG.NS
2025-11-17,656.0,657.0,636.1500244140625,648.4500122070312,2905416,ATHERENERG.NS
2025-11-18,646.5499877929688,679.9000244140625,645.5499877929688,668.4500122070312,6312858,ATHERENERG.NS
2025-11-19,676.4000244140625,688.0,665.3499755859375,685.0,5093797,ATHERENERG.NS
2025-11-20,685.0,704.0,670.1500244140625,697.0,4784453,ATHERENERG.NS
2025-11-21,696.9500122070312,713.0,686.4500122070312,695.9000244140625,4107125,ATHERENERG.NS
2025-11-24,697.0,701.0999755859375,665.0,672.7999877929688,2718631,ATHERENERG.NS
2025-11-25,672.7999877929688,687.8499755859375,666.2999877929688,684.9500122070312,1700459,ATHERENERG.NS
2025-11-26,683.0,699.2999877929688,671.2000122070312,692.5,2257179,ATHERENERG.NS
2025-11-27,694.9500122070312,718.0,694.9500122070312,710.4000244140625,3549144,ATHERENERG.NS
2025-11-28,713.0,722.0,692.5,717.9500122070312,3843760,ATHERENERG.NS
2025-12-01,717.0,724.7000122070312,700.1500244140625,708.8499755859375,2836480,ATHERENERG.NS
2025-12-02,708.8499755859375,709.7999877929688,680.0,685.25,2570834,ATHERENERG.NS
2025-12-03,685.5,693.8499755859375,675.0,682.2999877929688,1556942,ATHERENERG.NS
2025-12-04,682.2999877929688,696.9500122070312,654.7999877929688,672.2000122070312,2315617,ATHERENERG.NS
2025-12-05,674.0,680.4000244140625,663.0,675.2000122070312,1697532,ATHERENERG.NS
2025-12-08,673.8499755859375,685.0,661.5499877929688,678.75,1523208,ATHERENERG.NS
2025-12-09,673.5499877929688,674.5,638.2999877929688,648.6500244140625,3688017,ATHERENERG.NS
2025-12-10,655.0,661.5499877929688,636.0999755859375,644.75,1692366,ATHERENERG.NS
2025-12-11,641.9000244140625,660.0,639.0499877929688,646.4500122070312,1220049,ATHERENERG.NS
2025-12-12,647.7999877929688,660.0,641.0,645.0999755859375,946014,ATHERENERG.NS
2025-12-15,645.0,692.75,642.9500122070312,685.25,2476727,ATHERENERG.NS
2025-12-16,683.9000244140625,693.4000244140625,670.75,676.0499877929688,1866805,ATHERENERG.NS
2025-12-17,676.0499877929688,687.2000122070312,657.25,660.7999877929688,1298953,ATHERENERG.NS
2025-12-18,660.0,672.8499755859375,651.25,662.8499755859375,1590154,ATHERENERG.NS
2025-12-19,663.0,718.0,655.2000122070312,701.9500122070312,6527742,ATHERENERG.NS
2025-12-22,705.5999755859375,719.0,683.0499877929688,696.2000122070312,2116233,ATHERENERG.NS
2025-12-23,697.7000122070312,709.8499755859375,688.1500244140625,706.3499755859375,1315630,ATHERENERG.NS
2025-12-24,708.5,739.4500122070312,707.0,721.75,3430861,ATHERENERG.NS
2025-12-26,721.7000122070312,727.7999877929688,705.0,709.9500122070312,1678326,ATHERENERG.NS
2025-12-29,709.9500122070312,723.5,700.0,717.2000122070312,1077190,ATHERENERG.NS
2025-12-30,717.9000244140625,747.9500122070312,707.6500244140625,731.9000244140625,3396056,ATHERENERG.NS
2025-12-31,732.3499755859375,760.0,732.3499755859375,754.75,2105792,ATHERENERG.NS
2026-01-01,755.0,764.9000244140625,727.8499755859375,738.5,1392172,ATHERENERG.NS
2026-01-02,738.0,753.7999877929688,736.0499877929688,741.6500244140625,1251316,ATHERENERG.NS
2026-01-05,744.0,744.0,677.0,684.9000244140625,3409934,ATHERENERG.NS
2026-01-06,690.1500244140625,706.6500244140625,680.0499877929688,694.4500122070312,2912639,ATHERENERG.NS
2026-01-07,697.8499755859375,700.9000244140625,683.5,692.4500122070312,1312206,ATHERENERG.NS
2026-01-08,692.4500122070312,699.5999755859375,662.4500122070312,672.7000122070312,1904523,ATHERENERG.NS
2026-01-09,672.6500244140625,672.6500244140625,625.0,633.2999877929688,1813986,ATHERENERG.NS
2026-01-12,633.2999877929688,644.0,606.1500244140625,639.2999877929688,2234389,ATHERENERG.NS
2026-01-13,649.25,661.9500122070312,635.2000122070312,653.3499755859375,1878212,ATHERENERG.NS
2026-01-14,659.5999755859375,659.9000244140625,637.1500244140625,646.5999755859375,1168689,ATHERENERG.NS
2026-01-15,646.5999755859375,646.5999755859375,646.5999755859375,646.5999755859375,0,ATHERENERG.NS
2026-01-16,645.0,645.0,605.0499877929688,618.75,2356991,ATHERENERG.NS
2026-01-19,615.0,630.0,600.8499755859375,625.5,1745003,ATHERENERG.NS
2026-01-20,620.0,624.0999755859375,595.0499877929688,606.9000244140625,1941428,ATHERENERG.NS
2026-01-21,597.0,619.0,589.0,613.25,1484970,ATHERENERG.NS
2026-01-22,616.9000244140625,639.6500244140625,607.0,631.6500244140625,1163769,ATHERENERG.NS
2026-01-23,634.5999755859375,634.5999755859375,614.0,621.2000122070312,957315,ATHERENERG.NS
2026-01-27,614.6500244140625,627.9000244140625,604.3499755859375,619.0999755859375,929567,ATHERENERG.NS
2026-01-28,618.0,623.9500122070312,602.2999877929688,607.3499755859375,1107075,ATHERENERG.NS
2026-01-29,606.0,609.2999877929688,594.5999755859375,601.3499755859375,967775,ATHERENERG.NS
2026-01-30,601.3499755859375,631.0,600.5,621.25,1137970,ATHERENERG.NS
2026-02-02,626.0,627.8499755859375,599.2999877929688,606.5499877929688,1807314,ATHERENERG.NS
2026-02-03,654.0,684.8499755859375,625.9500122070312,675.9000244140625,7390281,ATHERENERG.NS
2026-02-04,678.9500122070312,704.4000244140625,672.5999755859375,696.0499877929688,2423190,ATHERENERG.NS
2026-02-05,694.0999755859375,718.0,678.2000122070312,714.5,1670941,ATHERENERG.NS
2026-02-06,710.7000122070312,713.5999755859375,695.0,706.0999755859375,1087231,ATHERENERG.NS
2026-02-09,706.9500122070312,729.0,702.1500244140625,726.0499877929688,1038049,ATHERENERG.NS
2026-02-10,726.0,736.0,717.0,727.5499877929688,922362,ATHERENERG.NS
2026-02-11,730.5,736.5499877929688,710.25,716.25,1555260,ATHERENERG.NS
2026-02-12,722.9500122070312,742.8499755859375,714.4000244140625,725.75,1717671,ATHERENERG.NS
2026-02-13,715.25,717.0499877929688,691.25,708.25,1945549,ATHERENERG.NS
2026-02-16,706.0,728.8499755859375,697.25,708.9500122070312,998139,ATHERENERG.NS
2026-02-17,710.0,731.9500122070312,703.4500122070312,726.3499755859375,1119344,ATHERENERG.NS
2026-02-18,726.2999877929688,733.8499755859375,713.4500122070312,728.5,1173105,ATHERENERG.NS
2026-02-19,728.0,749.5,717.0,733.7000122070312,2895730,ATHERENERG.NS
2026-02-20,727.0,730.4000244140625,702.0,708.7999877929688,1059652,ATHERENERG.NS
2026-02-23,709.9500122070312,720.7999877929688,705.2000122070312,718.1500244140625,838251,ATHERENERG.NS
2026-02-24,714.0499877929688,715.3499755859375,680.0,698.8499755859375,1945327,ATHERENERG.NS
2026-02-25,706.0,729.2999877929688,699.0999755859375,706.2999877929688,1389510,ATHERENERG.NS
2026-02-26,710.4500122070312,710.5,686.0,700.2999877929688,2048529,ATHERENERG.NS
2026-02-27,698.8499755859375,712.7000122070312,686.75,710.9000244140625,1409206,ATHERENERG.NS
2026-03-02,680.0,710.0999755859375,674.0,705.0,1950250,ATHERENERG.NS
2026-03-04,699.0499877929688,704.9000244140625,673.7999877929688,701.0,1637001,ATHERENERG.NS
2026-03-05,701.0,703.2000122070312,673.0999755859375,684.2999877929688,1712935,ATHERENERG.NS
2026-03-06,680.2999877929688,687.7999877929688,662.9000244140625,674.0499877929688,752277,ATHERENERG.NS
2026-03-09,660.0,685.0,650.5999755859375,681.7000122070312,1444623,ATHERENERG.NS
2026-03-10,695.0,699.0,677.4500122070312,695.75,1140241,ATHERENERG.NS
2026-03-11,698.0,704.8499755859375,690.2999877929688,702.0,883658,ATHERENERG.NS
2026-03-12,690.0499877929688,713.0,685.4000244140625,710.5499877929688,1003844,ATHERENERG.NS
2026-03-13,710.0,721.0,692.0999755859375,705.0,2014478,ATHERENERG.NS
2026-03-16,700.0,723.4500122070312,684.4500122070312,713.2000122070312,1762085,ATHERENERG.NS
2026-03-17,726.9500122070312,729.6500244140625,706.3499755859375,723.75,1252990,ATHERENERG.NS
2026-03-18,727.5,775.7999877929688,723.7999877929688,750.2000122070312,4976847,ATHERENERG.NS
2026-03-19,740.1500244140625,784.7999877929688,735.6500244140625,754.2999877929688,6981015,ATHERENERG.NS
2026-03-20,769.0,795.9000244140625,755.9000244140625,780.5999755859375,4290744,ATHERENERG.NS
2026-03-23,789.0,789.0,717.0499877929688,749.0499877929688,4878841,ATHERENERG.NS
2026-03-24,764.0,772.4000244140625,750.0999755859375,757.0,2447156,ATHERENERG.NS
2026-03-25,763.0,794.8499755859375,762.2000122070312,776.6500244140625,2971815,ATHERENERG.NS
2026-03-27,772.7999877929688,802.9000244140625,759.0499877929688,796.3499755859375,4166172,ATHERENERG.NS
2026-03-30,796.3499755859375,805.0,742.1500244140625,754.0,3620394,ATHERENERG.NS
2026-04-01,780.0,783.8499755859375,753.0,771.0499877929688,2166641,ATHERENERG.NS
2026-04-02,760.7999877929688,774.9000244140625,745.0,762.1500244140625,1574299,ATHERENERG.NS
2026-04-06,760.0,793.2000122070312,752.7000122070312,784.7999877929688,2602245,ATHERENERG.NS
2026-04-07,780.9500122070312,796.5,740.3499755859375,761.0,2233788,ATHERENERG.NS
2026-04-08,781.3499755859375,789.4500122070312,765.2000122070312,770.7000122070312,2244466,ATHERENERG.NS
2026-04-09,774.0,833.3499755859375,772.0,820.25,8948018,ATHERENERG.NS
2026-04-10,835.0,875.4500122070312,830.3499755859375,863.0499877929688,8455968,ATHERENERG.NS
2026-04-13,863.0499877929688,948.0,855.4000244140625,907.8499755859375,27333392,ATHERENERG.NS
2026-04-15,933.9500122070312,938.25,861.2999877929688,871.0499877929688,10060029,ATHERENERG.NS
2026-04-16,886.9000244140625,887.0,863.0999755859375,866.0999755859375,3962596,ATHERENERG.NS
2026-04-17,868.0,881.2000122070312,845.0999755859375,850.9500122070312,3982070,ATHERENERG.NS
2026-04-20,849.75,918.9500122070312,835.6500244140625,889.4500122070312,14794060,ATHERENERG.NS
2026-04-21,893.75,906.3499755859375,875.5,896.0999755859375,4508126,ATHERENERG.NS
2026-04-22,894.4500122070312,917.7999877929688,890.0499877929688,905.5,5376605,ATHERENERG.NS
2026-04-23,905.5,944.7000122070312,892.5999755859375,898.4500122070312,7003873,ATHERENERG.NS
2026-04-24,901.4500122070312,909.8499755859375,865.2999877929688,883.0,3204736,ATHERENERG.NS
2026-04-27,887.9000244140625,954.5999755859375,884.0,941.2000122070312,4710737,ATHERENERG.NS
2026-04-28,951.0,971.1500244140625,923.7000122070312,931.1500244140625,3723757,ATHERENERG.NS
2026-04-29,942.0,954.9000244140625,931.7000122070312,938.4000244140625,1930567,ATHERENERG.NS
2026-04-30,942.9000244140625,947.75,924.0,934.8499755859375,1991317,ATHERENERG.NS
2026-05-01,934.8499755859375,934.8499755859375,934.8499755859375,934.8499755859375,0,ATHERENERG.NS
2026-05-04,946.0,949.75,896.2000122070312,934.0,3763893,ATHERENERG.NS
2026-05-05,937.7000122070312,982.3499755859375,906.7999877929688,937.7999877929688,9168412,ATHERENERG.NS
2026-05-06,953.0,954.4500122070312,890.0499877929688,897.5499877929688,4949900,ATHERENERG.NS
2026-05-07,900.5,917.2000122070312,894.2000122070312,907.2000122070312,2211556,ATHERENERG.NS
2026-05-08,911.75,939.0,903.1500244140625,915.0499877929688,3689273,ATHERENERG.NS
2026-05-11,920.0,989.4000244140625,919.0,969.4500122070312,13473062,ATHERENERG.NS
2026-05-12,974.0,974.9500122070312,917.0,924.25,5046798,ATHERENERG.NS
2026-05-13,927.5999755859375,958.7999877929688,914.1500244140625,951.9500122070312,4592129,ATHERENERG.NS
2026-05-14,958.9500122070312,958.9500122070312,936.0499877929688,940.2999877929688,2565395,ATHERENERG.NS
2026-05-15,946.7999877929688,965.7999877929688,926.0499877929688,937.4000244140625,4124146,ATHERENERG.NS
2026-05-18,930.0,932.4000244140625,905.5,910.3499755859375,2584141,ATHERENERG.NS
2026-05-19,913.0,923.2000122070312,902.0499877929688,910.2999877929688,2287419,ATHERENERG.NS
2026-05-20,901.2999877929688,916.0499877929688,873.5999755859375,909.0499877929688,3331140,ATHERENERG.NS
2026-05-21,916.0,921.0,885.0,889.2999877929688,3264904,ATHERENERG.NS
2026-05-22,898.0,907.9500122070312,874.0999755859375,883.7999877929688,3039687,ATHERENERG.NS
2026-05-25,891.6500244140625,925.0,876.4500122070312,921.4000244140625,3724909,ATHERENERG.NS
2026-05-26,925.4000244140625,985.0,925.4000244140625,950.5999755859375,9163908,ATHERENERG.NS
2026-05-27,955.4000244140625,977.5,950.0,955.5,2225467,ATHERENERG.NS
2026-05-28,955.5,955.5,955.5,955.5,0,ATHERENERG.NS
2026-05-29,969.9000244140625,1003.9000244140625,947.8499755859375,964.0999755859375,7558790,ATHERENERG.NS
2025-05-29,110.7699966430664,111.7699966430664,110.19999694824219,110.38999938964844,12881605,ADANIPOWER.NS
2025-05-30,110.61000061035156,111.08999633789062,108.18000030517578,108.76000213623047,15370475,ADANIPOWER.NS
2025-06-02,109.4000015258789,111.9800033569336,109.0,111.0199966430664,17794610,ADANIPOWER.NS
2025-06-03,110.51000213623047,110.63999938964844,108.5999984741211,108.91999816894531,12927105,ADANIPOWER.NS
2025-06-04,109.4800033569336,109.9800033569336,107.72000122070312,109.02999877929688,13008395,ADANIPOWER.NS
2025-06-05,109.54000091552734,110.73999786376953,109.30999755859375,109.52999877929688,9616705,ADANIPOWER.NS
2025-06-06,110.1500015258789,112.79000091552734,109.81999969482422,111.05000305175781,20056905,ADANIPOWER.NS
2025-06-09,111.94999694824219,114.80000305175781,111.26000213623047,112.62000274658203,23617970,ADANIPOWER.NS
2025-06-10,113.54000091552734,122.12000274658203,112.48999786376953,119.20999908447266,150425895,ADANIPOWER.NS
2025-06-11,120.55000305175781,121.0,116.58999633789062,117.41000366210938,43819250,ADANIPOWER.NS
2025-06-12,117.41000366210938,117.73999786376953,113.0999984741211,113.43000030517578,25698510,ADANIPOWER.NS
2025-06-13,111.08999633789062,115.68000030517578,109.87000274658203,114.18000030517578,29630645,ADANIPOWER.NS
2025-06-16,113.58999633789062,114.4000015258789,111.01000213623047,112.58999633789062,13945785,ADANIPOWER.NS
2025-06-17,112.91000366210938,114.22000122070312,111.4000015258789,111.63999938964844,9820175,ADANIPOWER.NS
2025-06-18,111.5999984741211,112.06999969482422,110.0,110.16000366210938,10063160,ADANIPOWER.NS
2025-06-19,110.19999694824219,111.75,106.5,107.30000305175781,13568940,ADANIPOWER.NS
2025-06-20,107.5999984741211,109.11000061035156,105.41999816894531,106.05000305175781,47738495,ADANIPOWER.NS
2025-06-23,106.0,108.29000091552734,105.6500015258789,107.5999984741211,15234695,ADANIPOWER.NS
2025-06-24,108.9800033569336,110.4000015258789,107.73999786376953,109.37000274658203,20572930,ADANIPOWER.NS
2025-06-25,109.83999633789062,111.80000305175781,109.75,111.4000015258789,17171020,ADANIPOWER.NS
2025-06-26,111.80000305175781,116.08000183105469,111.5999984741211,115.62999725341797,30618905,ADANIPOWER.NS
2025-06-27,116.0,121.36000061035156,114.83999633789062,116.87000274658203,78220455,ADANIPOWER.NS
2025-06-30,117.9000015258789,119.45999908447266,116.47000122070312,117.1500015258789,22731315,ADANIPOWER.NS
2025-07-01,117.68000030517578,121.4000015258789,117.30000305175781,118.27999877929688,40265290,ADANIPOWER.NS
2025-07-02,119.19999694824219,120.37999725341797,117.55000305175781,118.27999877929688,20389805,ADANIPOWER.NS
2025-07-03,119.0,119.23999786376953,117.0,117.58000183105469,18364010,ADANIPOWER.NS
2025-07-04,117.58000183105469,118.16000366210938,116.22000122070312,116.95999908447266,10892800,ADANIPOWER.NS
2025-07-07,116.95999908447266,120.0,115.75,119.43000030517578,21546290,ADANIPOWER.NS
2025-07-08,120.69999694824219,123.0,118.4000015258789,120.0,49616840,ADANIPOWER.NS
2025-07-09,120.51000213623047,122.0,119.30000305175781,120.43000030517578,27100765,ADANIPOWER.NS
2025-07-10,120.87999725341797,124.0,120.41999816894531,121.16000366210938,74692330,ADANIPOWER.NS
2025-07-11,121.4000015258789,122.4000015258789,120.06999969482422,120.79000091552734,20236400,ADANIPOWER.NS
2025-07-14,120.81999969482422,123.86000061035156,120.44999694824219,121.91000366210938,37017980,ADANIPOWER.NS
2025-07-15,122.58000183105469,123.19999694824219,121.13999938964844,121.62000274658203,19422015,ADANIPOWER.NS
2025-07-16,121.9800033569336,122.86000061035156,120.5999984741211,120.97000122070312,18549555,ADANIPOWER.NS
2025-07-17,121.48999786376953,121.7300033569336,119.5,119.7300033569336,17579230,ADANIPOWER.NS
2025-07-18,119.72000122070312,119.87999725341797,117.69000244140625,118.93000030517578,15522320,ADANIPOWER.NS
2025-07-21,119.19999694824219,120.69999694824219,118.22000122070312,119.31999969482422,10219500,ADANIPOWER.NS
2025-07-22,119.81999969482422,120.29000091552734,117.4000015258789,118.11000061035156,10394955,ADANIPOWER.NS
2025-07-23,118.55999755859375,119.23999786376953,117.43000030517578,117.79000091552734,9600185,ADANIPOWER.NS
2025-07-24,118.16000366210938,118.58000183105469,116.66000366210938,117.1500015258789,8155545,ADANIPOWER.NS
2025-07-25,116.77999877929688,116.87999725341797,113.5999984741211,114.0,11502865,ADANIPOWER.NS
2025-07-28,113.95999908447266,115.38999938964844,112.19999694824219,114.12999725341797,13411220,ADANIPOWER.NS
2025-07-29,114.0,118.94000244140625,113.26000213623047,118.51000213623047,25852680,ADANIPOWER.NS
2025-07-30,118.80000305175781,120.45999908447266,117.41999816894531,117.94000244140625,14559345,ADANIPOWER.NS
2025-07-31,116.0,118.37999725341797,115.45999908447266,117.62000274658203,12731180,ADANIPOWER.NS
2025-08-01,117.5999984741211,118.58999633789062,112.80000305175781,113.4000015258789,31074800,ADANIPOWER.NS
2025-08-04,113.4000015258789,117.54000091552734,112.83000183105469,116.80000305175781,13675050,ADANIPOWER.NS
2025-08-05,116.80000305175781,116.81999969482422,115.16000366210938,115.9000015258789,7599355,ADANIPOWER.NS
2025-08-06,115.98999786376953,116.38999938964844,113.12000274658203,113.48999786376953,7604560,ADANIPOWER.NS
2025-08-07,112.22000122070312,116.4000015258789,110.44999694824219,115.79000091552734,35743505,ADANIPOWER.NS
2025-08-08,116.4000015258789,116.66000366210938,114.80000305175781,115.37999725341797,12842060,ADANIPOWER.NS
2025-08-11,115.37999725341797,119.80000305175781,114.23999786376953,118.77999877929688,15152450,ADANIPOWER.NS
2025-08-12,119.05000305175781,119.68000030517578,117.83999633789062,118.30000305175781,11412935,ADANIPOWER.NS
2025-08-13,118.95999908447266,118.95999908447266,116.69999694824219,117.12000274658203,9023465,ADANIPOWER.NS
2025-08-14,117.37999725341797,117.88999938964844,116.22000122070312,116.80999755859375,4808835,ADANIPOWER.NS
2025-08-18,118.0199966430664,120.30000305175781,117.30000305175781,119.75,16063980,ADANIPOWER.NS
2025-08-19,119.80000305175781,121.5999984741211,119.26000213623047,121.19999694824219,14088205,ADANIPOWER.NS
2025-08-20,120.79000091552734,121.47000122070312,119.0199966430664,119.98999786376953,7009015,ADANIPOWER.NS
2025-08-21,120.18000030517578,120.80000305175781,119.05000305175781,119.23999786376953,4971675,ADANIPOWER.NS
2025-08-22,119.4000015258789,120.58999633789062,118.4000015258789,118.86000061035156,6382785,ADANIPOWER.NS
2025-08-25,119.02999877929688,121.5999984741211,118.0199966430664,121.12999725341797,13437945,ADANIPOWER.NS
2025-08-26,120.9800033569336,121.0,118.0,118.41999816894531,11295845,ADANIPOWER.NS
2025-08-28,118.0,121.37999725341797,117.04000091552734,118.98999786376953,14019215,ADANIPOWER.NS
2025-08-29,119.68000030517578,120.63999938964844,116.69999694824219,120.12999725341797,18095490,ADANIPOWER.NS
2025-09-01,121.18000030517578,123.0,120.63999938964844,121.37000274658203,16641785,ADANIPOWER.NS
2025-09-02,122.33999633789062,122.33999633789062,120.30000305175781,121.66999816894531,10754495,ADANIPOWER.NS
2025-09-03,122.19999694824219,123.19999694824219,120.94000244140625,121.86000061035156,15352340,ADANIPOWER.NS
2025-09-04,122.5999984741211,123.12000274658203,121.30999755859375,121.73999786376953,9098085,ADANIPOWER.NS
2025-09-05,121.58999633789062,122.87999725341797,120.4000015258789,121.94000244140625,9972395,ADANIPOWER.NS
2025-09-08,123.4000015258789,129.9199981689453,122.80999755859375,126.7699966430664,84739285,ADANIPOWER.NS
2025-09-09,127.5999984741211,129.60000610351562,127.16999816894531,128.72999572753906,27736530,ADANIPOWER.NS
2025-09-10,129.39999389648438,131.7100067138672,126.5,126.88999938964844,31778295,ADANIPOWER.NS
2025-09-11,127.69999694824219,130.60000610351562,120.0,124.93000030517578,298010915,ADANIPOWER.NS
2025-09-12,125.5999984741211,130.10000610351562,125.55999755859375,129.7100067138672,46407935,ADANIPOWER.NS
2025-09-15,131.3000030517578,133.36000061035156,128.0800018310547,128.8300018310547,38903655,ADANIPOWER.NS
2025-09-16,129.39999389648438,129.66000366210938,127.16000366210938,127.47000122070312,22723225,ADANIPOWER.NS
2025-09-17,127.9800033569336,128.0500030517578,125.72000122070312,126.0999984741211,20887965,ADANIPOWER.NS
2025-09-18,126.69000244140625,127.05999755859375,125.19999694824219,126.2699966430664,19876310,ADANIPOWER.NS
2025-09-19,135.1999969482422,144.60000610351562,133.07000732421875,141.8800048828125,431620030,ADANIPOWER.NS
2025-09-22,148.1999969482422,170.25,147.3000030517578,170.25,134757185,ADANIPOWER.NS
2025-09-23,179.89999389648438,182.6999969482422,160.25,162.35000610351562,192595137,ADANIPOWER.NS
2025-09-24,163.25,163.6999969482422,142.10000610351562,144.5,135960455,ADANIPOWER.NS
2025-09-25,145.5,153.89999389648438,145.5,149.0,158371401,ADANIPOWER.NS
2025-09-26,151.35000610351562,152.89999389648438,144.6999969482422,146.25,65042463,ADANIPOWER.NS
2025-09-29,148.6999969482422,149.60000610351562,144.1999969482422,146.64999389648438,43205955,ADANIPOWER.NS
2025-09-30,148.0,148.25,143.89999389648438,144.64999389648438,22474749,ADANIPOWER.NS
2025-10-01,144.9499969482422,153.3000030517578,144.80999755859375,152.50999450683594,63059546,ADANIPOWER.NS
2025-10-03,152.89999389648438,153.0,143.14999389648438,147.3800048828125,124141027,ADANIPOWER.NS
2025-10-06,148.0,152.99000549316406,147.3800048828125,151.99000549316406,68647669,ADANIPOWER.NS
2025-10-07,151.99000549316406,155.39999389648438,150.35000610351562,151.47999572753906,55385781,ADANIPOWER.NS
2025-10-08,151.6999969482422,152.5,148.4199981689453,148.77999877929688,45821449,ADANIPOWER.NS
2025-10-09,149.39999389648438,149.97999572753906,147.44000244140625,148.91000366210938,26066621,ADANIPOWER.NS
2025-10-10,149.10000610351562,150.7899932861328,147.83999633789062,149.6999969482422,23705398,ADANIPOWER.NS
2025-10-13,148.0,155.75,147.52000427246094,154.42999267578125,64933221,ADANIPOWER.NS
2025-10-14,155.00999450683594,157.5,152.8000030517578,154.89999389648438,52873531,ADANIPOWER.NS
2025-10-15,154.85000610351562,158.0,150.42999267578125,157.50999450683594,64552739,ADANIPOWER.NS
2025-10-16,158.10000610351562,158.69000244140625,155.5,157.3699951171875,111085386,ADANIPOWER.NS
2025-10-17,157.25999450683594,168.0,156.77000427246094,165.97999572753906,170754425,ADANIPOWER.NS
2025-10-20,168.0500030517578,172.1999969482422,166.6999969482422,170.3000030517578,107477254,ADANIPOWER.NS
2025-10-21,171.5,174.38999938964844,168.0,170.77999877929688,26425161,ADANIPOWER.NS
2025-10-23,171.0500030517578,172.36000061035156,164.25,165.25999450683594,55330926,ADANIPOWER.NS
2025-10-24,164.4499969482422,169.17999267578125,164.0,167.72000122070312,44515519,ADANIPOWER.NS
2025-10-27,168.5,169.77000427246094,162.0,162.9600067138672,51617783,ADANIPOWER.NS
2025-10-28,163.6999969482422,164.22000122070312,161.10000610351562,162.3300018310547,29992980,ADANIPOWER.NS
2025-10-29,163.27999877929688,168.39999389648438,161.75,162.10000610351562,67870076,ADANIPOWER.NS
2025-10-30,163.6999969482422,164.6999969482422,160.1999969482422,162.57000732421875,64990603,ADANIPOWER.NS
2025-10-31,161.60000610351562,161.74000549316406,157.5,157.85000610351562,44708746,ADANIPOWER.NS
2025-11-03,158.99000549316406,158.99000549316406,156.10000610351562,156.72999572753906,22320044,ADANIPOWER.NS
2025-11-04,156.0,159.5,153.2100067138672,158.38999938964844,41404679,ADANIPOWER.NS
2025-11-06,158.36000061035156,158.3800048828125,152.3300018310547,153.1699981689453,24262835,ADANIPOWER.NS
2025-11-07,152.99000549316406,154.7899932861328,150.85000610351562,151.47999572753906,36644118,ADANIPOWER.NS
2025-11-10,152.75,154.47999572753906,149.5,150.05999755859375,19497818,ADANIPOWER.NS
2025-11-11,151.49000549316406,151.89999389648438,146.7100067138672,151.1699981689453,42377702,ADANIPOWER.NS
2025-11-12,152.0,153.77999877929688,150.66000366210938,151.97999572753906,27328382,ADANIPOWER.NS
2025-11-13,151.97999572753906,154.1999969482422,151.5,151.85000610351562,20557325,ADANIPOWER.NS
2025-11-14,152.4600067138672,155.99000549316406,152.1999969482422,153.91000366210938,26821173,ADANIPOWER.NS
2025-11-17,155.35000610351562,155.35000610351562,153.0,153.27999877929688,15162500,ADANIPOWER.NS
2025-11-18,153.14999389648438,153.8800048828125,149.1199951171875,149.5500030517578,22500220,ADANIPOWER.NS
2025-11-19,150.3000030517578,152.66000366210938,150.08999633789062,151.61000061035156,21355345,ADANIPOWER.NS
2025-11-20,152.2899932861328,153.39999389648438,151.0,151.4600067138672,11439592,ADANIPOWER.NS
2025-11-21,151.0,151.19000244140625,148.89999389648438,149.1199951171875,9642165,ADANIPOWER.NS
2025-11-24,150.0,150.3000030517578,144.8000030517578,145.44000244140625,13878210,ADANIPOWER.NS
2025-11-25,145.44000244140625,148.25999450683594,145.1199951171875,146.83999633789062,10803663,ADANIPOWER.NS
2025-11-26,147.1999969482422,148.89999389648438,146.35000610351562,148.6199951171875,10550909,ADANIPOWER.NS
2025-11-27,149.14999389648438,150.63999938964844,147.39999389648438,148.1300048828125,19409495,ADANIPOWER.NS
2025-11-28,148.5500030517578,149.08999633789062,147.1999969482422,147.49000549316406,10052836,ADANIPOWER.NS
2025-12-01,148.2100067138672,148.82000732421875,147.00999450683594,147.33999633789062,7759359,ADANIPOWER.NS
2025-12-02,147.3000030517578,148.17999267578125,146.0500030517578,146.75999450683594,6392786,ADANIPOWER.NS
2025-12-03,146.89999389648438,147.67999267578125,144.5399932861328,144.97000122070312,10331583,ADANIPOWER.NS
2025-12-04,145.0,146.83999633789062,142.30999755859375,142.72999572753906,11150119,ADANIPOWER.NS
2025-12-05,143.0,144.1999969482422,142.3699951171875,143.77999877929688,7231083,ADANIPOWER.NS
2025-12-08,144.25,145.16000366210938,138.2100067138672,139.0399932861328,14985881,ADANIPOWER.NS
2025-12-09,139.0399932861328,142.85000610351562,135.0,141.8000030517578,20828393,ADANIPOWER.NS
2025-12-10,142.1999969482422,143.5,140.6999969482422,141.17999267578125,7793397,ADANIPOWER.NS
2025-12-11,141.0,142.10000610351562,139.25,140.5800018310547,10479243,ADANIPOWER.NS
2025-12-12,141.38999938964844,145.0,141.38999938964844,144.49000549316406,13450435,ADANIPOWER.NS
2025-12-15,144.49000549316406,145.4499969482422,142.2899932861328,144.3800048828125,8949057,ADANIPOWER.NS
2025-12-16,144.75,145.8000030517578,143.94000244140625,145.3300018310547,12127744,ADANIPOWER.NS
2025-12-17,145.39999389648438,145.4499969482422,142.0500030517578,143.0,9798422,ADANIPOWER.NS
2025-12-18,143.0,143.0,140.6999969482422,141.3000030517578,6848190,ADANIPOWER.NS
2025-12-19,141.5,142.1999969482422,140.67999267578125,141.75999450683594,7869675,ADANIPOWER.NS
2025-12-22,141.77000427246094,143.6999969482422,141.77000427246094,143.25,9612058,ADANIPOWER.NS
2025-12-23,143.8000030517578,144.60000610351562,142.32000732421875,144.3000030517578,7437606,ADANIPOWER.NS
2025-12-24,144.6999969482422,144.6999969482422,142.6699981689453,143.16000366210938,7905799,ADANIPOWER.NS
2025-12-26,143.14999389648438,144.3699951171875,141.89999389648438,142.19000244140625,7682604,ADANIPOWER.NS
2025-12-29,142.19000244140625,142.49000549316406,140.0,140.44000244140625,7527164,ADANIPOWER.NS
2025-12-30,140.42999267578125,145.22999572753906,139.67999267578125,144.64999389648438,15926892,ADANIPOWER.NS
2025-12-31,144.5500030517578,144.64999389648438,142.5,142.99000549316406,8469921,ADANIPOWER.NS
2026-01-01,143.25,153.16000366210938,142.8000030517578,148.75999450683594,64003449,ADANIPOWER.NS
2026-01-02,149.0,149.89999389648438,147.3000030517578,148.1699981689453,14413809,ADANIPOWER.NS
2026-01-05,148.0,148.39999389648438,144.4600067138672,146.1999969482422,15844789,ADANIPOWER.NS
2026-01-06,147.5,149.1699981689453,146.8000030517578,147.5500030517578,14511973,ADANIPOWER.NS
2026-01-07,147.5500030517578,148.39999389648438,145.8000030517578,146.3699951171875,7285671,ADANIPOWER.NS
2026-01-08,146.3699951171875,147.5500030517578,142.10000610351562,142.88999938964844,9862895,ADANIPOWER.NS
2026-01-09,143.1999969482422,143.99000549316406,140.5399932861328,141.67999267578125,11323782,ADANIPOWER.NS
2026-01-12,141.64999389648438,143.36000061035156,139.52999877929688,142.5399932861328,10353052,ADANIPOWER.NS
2026-01-13,143.0,144.05999755859375,142.00999450683594,143.3800048828125,7267061,ADANIPOWER.NS
2026-01-14,143.0,143.3699951171875,141.61000061035156,142.77000427246094,7290553,ADANIPOWER.NS
2026-01-15,142.77000427246094,142.77000427246094,142.77000427246094,142.77000427246094,0,ADANIPOWER.NS
2026-01-16,142.60000610351562,144.5,141.5,142.6300048828125,8651198,ADANIPOWER.NS
2026-01-19,141.8000030517578,142.39999389648438,139.9499969482422,140.55999755859375,8355757,ADANIPOWER.NS
2026-01-20,141.5,142.39999389648438,136.5,137.47999572753906,15689961,ADANIPOWER.NS
2026-01-21,137.5,139.63999938964844,134.8000030517578,137.6300048828125,19416781,ADANIPOWER.NS
2026-01-22,139.88999938964844,141.5500030517578,139.0,140.9199981689453,10758034,ADANIPOWER.NS
2026-01-23,141.0,142.89999389648438,128.10000610351562,132.9600067138672,52434571,ADANIPOWER.NS
2026-01-27,135.0,137.5,132.9600067138672,134.5,24095155,ADANIPOWER.NS
2026-01-28,135.13999938964844,135.89999389648438,133.60000610351562,134.72000122070312,14843718,ADANIPOWER.NS
2026-01-29,135.5,136.49000549316406,132.63999938964844,133.8800048828125,26866171,ADANIPOWER.NS
2026-01-30,133.0,136.5,131.91000366210938,135.3800048828125,15157606,ADANIPOWER.NS
2026-02-02,133.47999572753906,135.0,130.6300048828125,134.60000610351562,10586714,ADANIPOWER.NS
2026-02-03,145.0,149.0399932861328,140.60000610351562,143.6199951171875,54947535,ADANIPOWER.NS
2026-02-04,145.0,156.08999633789062,143.0,155.2899932861328,78428934,ADANIPOWER.NS
2026-02-05,155.2899932861328,156.89999389648438,151.10000610351562,153.4499969482422,26958184,ADANIPOWER.NS
2026-02-06,152.0,154.11000061035156,150.0,152.74000549316406,17334858,ADANIPOWER.NS
2026-02-09,154.0,154.85000610351562,150.60000610351562,151.3699951171875,13739514,ADANIPOWER.NS
2026-02-10,152.0,152.0,147.80999755859375,149.0500030517578,17009549,ADANIPOWER.NS
2026-02-11,149.58999633789062,151.3300018310547,147.8000030517578,150.91000366210938,10695646,ADANIPOWER.NS
2026-02-12,150.47000122070312,150.75,148.75,149.7899932861328,8553724,ADANIPOWER.NS
2026-02-13,149.1999969482422,149.3000030517578,139.10000610351562,139.89999389648438,38679559,ADANIPOWER.NS
2026-02-16,140.5,143.64999389648438,139.00999450683594,142.77000427246094,17314552,ADANIPOWER.NS
2026-02-17,142.5399932861328,145.0,141.5800018310547,144.35000610351562,11021261,ADANIPOWER.NS
2026-02-18,144.5,145.25,142.1999969482422,144.49000549316406,10122491,ADANIPOWER.NS
2026-02-19,145.6999969482422,146.42999267578125,140.0,140.4499969482422,14048153,ADANIPOWER.NS
2026-02-20,140.4499969482422,144.3300018310547,139.6999969482422,142.6999969482422,11915213,ADANIPOWER.NS
2026-02-23,145.14999389648438,145.69000244140625,142.6999969482422,144.0500030517578,9098843,ADANIPOWER.NS
2026-02-24,143.5,144.72000122070312,142.24000549316406,144.30999755859375,8248526,ADANIPOWER.NS
2026-02-25,144.6999969482422,145.60000610351562,139.80999755859375,140.5399932861328,17864508,ADANIPOWER.NS
2026-02-26,141.0,142.0,140.5,141.33999633789062,6526437,ADANIPOWER.NS
2026-02-27,141.0,141.66000366210938,139.8000030517578,140.11000061035156,8054854,ADANIPOWER.NS
2026-03-02,133.0,138.67999267578125,130.6999969482422,137.97000122070312,26699798,ADANIPOWER.NS
2026-03-04,135.0,139.3000030517578,134.41000366210938,137.82000732421875,16666324,ADANIPOWER.NS
2026-03-05,139.0,140.5500030517578,138.11000061035156,140.11000061035156,8274419,ADANIPOWER.NS
2026-03-06,139.60000610351562,142.58999633789062,138.5,138.99000549316406,11769177,ADANIPOWER.NS
2026-03-09,136.5,139.8300018310547,134.86000061035156,139.11000061035156,12009431,ADANIPOWER.NS
2026-03-10,141.5,141.5,138.61000061035156,138.94000244140625,15123909,ADANIPOWER.NS
2026-03-11,139.1999969482422,142.08999633789062,138.67999267578125,138.85000610351562,15328343,ADANIPOWER.NS
2026-03-12,138.83999633789062,151.97999572753906,137.50999450683594,149.11000061035156,81276272,ADANIPOWER.NS
2026-03-13,151.0,153.89999389648438,145.3000030517578,146.57000732421875,54479845,ADANIPOWER.NS
2026-03-16,149.89999389648438,155.0,146.39999389648438,154.05999755859375,90227164,ADANIPOWER.NS
2026-03-17,156.0,157.44000244140625,153.61000061035156,155.60000610351562,41644726,ADANIPOWER.NS
2026-03-18,156.0,156.5,151.3000030517578,154.07000732421875,28773212,ADANIPOWER.NS
2026-03-19,151.0,155.49000549316406,150.14999389648438,151.00999450683594,17635762,ADANIPOWER.NS
2026-03-20,152.0,157.1999969482422,150.52000427246094,151.5399932861328,44265976,ADANIPOWER.NS
2026-03-23,151.5399932861328,152.8699951171875,144.64999389648438,147.85000610351562,25968931,ADANIPOWER.NS
2026-03-24,151.0,153.89999389648438,147.35000610351562,150.11000061035156,21762199,ADANIPOWER.NS
2026-03-25,152.89999389648438,158.1999969482422,152.1999969482422,153.64999389648438,33813515,ADANIPOWER.NS
2026-03-27,153.5,155.27999877929688,151.55999755859375,153.9199981689453,23958053,ADANIPOWER.NS
2026-03-30,152.10000610351562,156.4499969482422,149.1999969482422,150.42999267578125,21100984,ADANIPOWER.NS
2026-04-01,155.0,158.14999389648438,153.44000244140625,157.11000061035156,48215780,ADANIPOWER.NS
2026-04-02,154.5,160.35000610351562,150.6199951171875,159.97000122070312,59833120,ADANIPOWER.NS
2026-04-06,162.0,165.10000610351562,161.0500030517578,163.25999450683594,127464037,ADANIPOWER.NS
2026-04-07,163.0,165.66000366210938,161.60000610351562,163.36000061035156,34671421,ADANIPOWER.NS
2026-04-08,168.0,174.35000610351562,166.2100067138672,169.30999755859375,66318120,ADANIPOWER.NS
2026-04-09,168.9499969482422,173.5,167.5500030517578,172.3300018310547,42258124,ADANIPOWER.NS
2026-04-10,173.60000610351562,178.10000610351562,172.11000061035156,175.80999755859375,51959590,ADANIPOWER.NS
2026-04-13,172.0,184.39999389648438,170.36000061035156,181.35000610351562,91406261,ADANIPOWER.NS
2026-04-15,185.27000427246094,187.07000732421875,181.5500030517578,183.42999267578125,51497511,ADANIPOWER.NS
2026-04-16,184.0,194.3699951171875,183.27000427246094,193.19000244140625,69751834,ADANIPOWER.NS
2026-04-17,196.4499969482422,200.0,190.66000366210938,198.5,95051761,ADANIPOWER.NS
2026-04-20,198.5,207.5,197.41000366210938,200.8300018310547,81881887,ADANIPOWER.NS
2026-04-21,203.3000030517578,207.3000030517578,201.8699951171875,202.97999572753906,57973716,ADANIPOWER.NS
2026-04-22,203.99000549316406,216.5,203.3000030517578,215.64999389648438,117165796,ADANIPOWER.NS
2026-04-23,216.0,217.25,212.52999877929688,214.17999267578125,58947381,ADANIPOWER.NS
2026-04-24,215.44000244140625,216.8699951171875,207.0,212.89999389648438,61885765,ADANIPOWER.NS
2026-04-27,214.60000610351562,222.16000366210938,214.60000610351562,218.0500030517578,57532309,ADANIPOWER.NS
2026-04-28,219.5,224.66000366210938,219.2899932861328,223.35000610351562,46710708,ADANIPOWER.NS
2026-04-29,225.0,226.24000549316406,215.35000610351562,219.27999877929688,51932086,ADANIPOWER.NS
2026-04-30,216.89999389648438,223.5,214.24000549316406,221.85000610351562,67584204,ADANIPOWER.NS
2026-05-01,221.85000610351562,221.85000610351562,221.85000610351562,221.85000610351562,0,ADANIPOWER.NS
2026-05-04,223.0,234.0,221.89999389648438,227.3000030517578,67200729,ADANIPOWER.NS
2026-05-05,227.97000122070312,234.39999389648438,227.3000030517578,229.9600067138672,43045308,ADANIPOWER.NS
2026-05-06,232.38999938964844,232.38999938964844,224.24000549316406,229.1199951171875,45243061,ADANIPOWER.NS
2026-05-07,230.0,233.47000122070312,229.5,230.19000244140625,37064595,ADANIPOWER.NS
2026-05-08,231.0,231.42999267578125,224.02999877929688,225.3300018310547,27156296,ADANIPOWER.NS
2026-05-11,224.5,224.67999267578125,217.8000030517578,222.02999877929688,30556141,ADANIPOWER.NS
2026-05-12,222.77000427246094,224.6300048828125,208.02999877929688,209.6300048828125,46023863,ADANIPOWER.NS
2026-05-13,209.0,217.9499969482422,208.89999389648438,213.8699951171875,49608338,ADANIPOWER.NS
2026-05-14,216.39999389648438,225.6999969482422,215.8699951171875,224.49000549316406,41896940,ADANIPOWER.NS
2026-05-15,229.0,229.0,213.77999877929688,221.3300018310547,60020608,ADANIPOWER.NS
2026-05-18,221.0,223.5,218.02999877929688,219.3000030517578,30197883,ADANIPOWER.NS
2026-05-19,223.8000030517578,225.0,218.3000030517578,219.08999633789062,35941457,ADANIPOWER.NS
2026-05-20,218.89999389648438,220.60000610351562,216.19000244140625,220.24000549316406,22506946,ADANIPOWER.NS
2026-05-21,222.3000030517578,226.39999389648438,218.5,219.3300018310547,34984894,ADANIPOWER.NS
2026-05-22,220.5,222.47000122070312,219.0,219.32000732421875,17090471,ADANIPOWER.NS
2026-05-25,221.0,234.60000610351562,220.30999755859375,233.3800048828125,73847208,ADANIPOWER.NS
2026-05-26,234.25,245.6999969482422,233.77000427246094,244.52999877929688,91664035,ADANIPOWER.NS
2026-05-27,247.60000610351562,252.64999389648438,245.5,248.91000366210938,85859567,ADANIPOWER.NS
2026-05-28,248.91000366210938,248.91000366210938,248.91000366210938,248.91000366210938,0,ADANIPOWER.NS
2026-05-29,250.89999389648438,254.1999969482422,242.19000244140625,243.3699951171875,71856898,ADANIPOWER.NS
2025-05-29,249.31256091190386,254.72593342320306,245.59769897036873,249.6304168701172,10041525,HINDCOPPER.NS
2025-05-30,250.65349651595247,251.5971067834264,244.54483290949287,245.8460235595703,4984866,HINDCOPPER.NS
2025-06-02,244.34617595137885,251.88514579141358,241.27695323240593,250.73294067382812,6483562,HINDCOPPER.NS
2025-06-03,253.98094578789673,255.76884755935856,246.0248018501483,246.7200927734375,7881642,HINDCOPPER.NS
2025-06-04,247.95177693001847,252.68969796812377,245.7963673582506,251.41830444335938,4964622,HINDCOPPER.NS
2025-06-05,252.19304340922793,253.78229279252432,247.92196410950396,252.00433349609375,5238032,HINDCOPPER.NS
2025-06-06,254.2789496032107,260.00023566925506,253.1366869467726,254.3583984375,15757786,HINDCOPPER.NS
2025-06-09,257.2587695451847,259.13607781885037,254.68618548722225,257.129638671875,5943138,HINDCOPPER.NS
2025-06-10,259.2453181842806,263.556137079051,258.8480134142965,261.8675842285156,10152732,HINDCOPPER.NS
2025-06-11,263.2184445030555,265.3043325785811,256.46417201435736,257.78521728515625,6243380,HINDCOPPER.NS
2025-06-12,259.7717557033438,261.13254046439573,252.2923804405744,253.03733825683594,5360904,HINDCOPPER.NS
2025-06-13,245.85594597370078,255.15302000671232,245.85594597370078,252.00433349609375,4711493,HINDCOPPER.NS
2025-06-16,252.2923826845619,262.0264861119938,244.9023986565251,260.9934997558594,10826728,HINDCOPPER.NS
2025-06-17,259.9902809377812,260.2187455832606,250.3852931990537,251.0110626220703,4711146,HINDCOPPER.NS
2025-06-18,251.10046176238393,254.92456962322862,249.66021295359292,252.2228546142578,2428458,HINDCOPPER.NS
2025-06-19,250.80248107581997,252.09374440566947,241.3663481244525,243.37277221679688,4045652,HINDCOPPER.NS
2025-06-20,243.15423719336724,247.82263653370285,241.78350994491842,246.9982147216797,5864157,HINDCOPPER.NS
2025-06-23,243.35289373710145,251.9348074242759,242.67747257232023,249.81912231445312,3842441,HINDCOPPER.NS
2025-06-24,253.28567174960975,259.94064074015284,251.8354804504694,255.62979125976562,5845031,HINDCOPPER.NS
2025-06-25,257.22897564316446,258.9374134931894,253.97102791897873,257.477294921875,2658465,HINDCOPPER.NS
2025-06-26,258.947355874071,271.9791467662725,255.9774366892878,270.2508239746094,15247596,HINDCOPPER.NS
2025-06-27,273.1909706608634,279.3989531855277,272.45592491750114,274.3034362792969,18215597,HINDCOPPER.NS
2025-06-30,275.1377768735532,284.02761969533566,274.14449970072445,277.42230224609375,9713817,HINDCOPPER.NS
2025-07-01,278.1175862920552,284.12690058518683,273.84650691324885,281.6933898925781,7201728,HINDCOPPER.NS
2025-07-02,280.1041417865501,283.0839730821517,276.4290043970102,281.8423767089844,4271654,HINDCOPPER.NS
2025-07-03,282.58733761920286,285.71615445127406,277.91892308014235,278.8128967285156,5402382,HINDCOPPER.NS
2025-07-04,278.11761980283103,280.5511611010718,273.0022482153691,275.2867736816406,3205033,HINDCOPPER.NS
2025-07-07,274.9887792168831,276.52834664181637,271.1646562078792,272.7042236328125,1751639,HINDCOPPER.NS
2025-07-08,272.1579262093322,274.6411189667166,268.83044185195473,271.90960693359375,1767526,HINDCOPPER.NS
2025-07-09,277.12432256163686,280.10415398703077,258.5500278850495,262.9701232910156,15639832,HINDCOPPER.NS
2025-07-10,263.21844482421875,265.4533184123489,261.2318905236586,263.21844482421875,3156185,HINDCOPPER.NS
2025-07-11,262.3244801847023,266.1982546942636,259.7419537408579,260.88421630859375,2855464,HINDCOPPER.NS
2025-07-14,261.03323996713846,263.2184619650216,257.75543728272874,261.7285461425781,2288493,HINDCOPPER.NS
2025-07-15,262.57282471061626,263.66543565493345,258.8480353407259,260.28826904296875,1614022,HINDCOPPER.NS
2025-07-16,260.2386048247941,264.9566711336405,258.3017023204081,262.2748107910156,2042529,HINDCOPPER.NS
2025-07-17,262.22516101115633,266.39693706129873,261.5795369423613,265.8506164550781,2102322,HINDCOPPER.NS
2025-07-18,266.19828834569046,269.67475852930954,264.95669185154077,267.9365234375,3469486,HINDCOPPER.NS
2025-07-21,268.6814567139678,274.14448078763445,266.7942362782744,271.9592590332031,4717598,HINDCOPPER.NS
2025-07-22,273.1511869592374,279.90545872999286,269.3767463189464,270.1217041015625,5475399,HINDCOPPER.NS
2025-07-23,271.164639384028,278.01824508619717,270.17136231668724,274.1941223144531,6744816,HINDCOPPER.NS
2025-07-24,275.4854105667096,277.6209502755779,271.1646491063784,271.90960693359375,2660076,HINDCOPPER.NS
2025-07-25,270.1713923745174,270.37005993505244,253.8816527203013,257.2587890625,7614416,HINDCOPPER.NS
2025-07-28,254.97425928993707,257.2587846347007,245.73676350749787,246.63072204589844,8486576,HINDCOPPER.NS
2025-07-29,245.48844326422326,258.6990476383805,243.5018889504324,256.6628112792969,5737676,HINDCOPPER.NS
2025-07-30,257.2091315354557,260.48693402356093,251.84542580216174,256.6131591796875,12381244,HINDCOPPER.NS
2025-07-31,251.69641202544315,254.67624333666564,240.17440671577305,241.7139892578125,14186163,HINDCOPPER.NS
2025-08-01,241.3663302490996,243.8693927324574,234.37366628016062,235.366943359375,3520184,HINDCOPPER.NS
2025-08-04,235.35701512063903,243.74027660113688,232.72483676403533,242.33975219726562,3195310,HINDCOPPER.NS
2025-08-05,242.33974111217643,250.30582764853813,239.69763556126927,245.47850036621094,3194824,HINDCOPPER.NS
2025-08-06,245.33944576124705,246.93862251193093,241.06835116412182,243.1840362548828,1622040,HINDCOPPER.NS
2025-08-07,241.56498196009863,243.65086988311458,234.64183952478297,239.64796447753906,3325765,HINDCOPPER.NS
2025-08-08,240.373064318685,241.41600833147427,234.31406779197124,237.24424743652344,1903598,HINDCOPPER.NS
2025-08-11,235.70466685326363,237.39323494927666,232.52618305673215,236.12184143066406,1701818,HINDCOPPER.NS
2025-08-12,235.40667320444717,239.5685066873584,234.6617153778508,237.65147399902344,1512752,HINDCOPPER.NS
2025-08-13,238.3865096678794,242.06163199401797,237.79053733122726,240.57171630859375,1905629,HINDCOPPER.NS
2025-08-14,240.96904265791068,241.3762747707029,237.19458645658435,238.5752410888672,1829311,HINDCOPPER.NS
2025-08-18,240.8696977004582,242.8264548076759,237.39322783674024,239.7075653076172,1881330,HINDCOPPER.NS
2025-08-19,240.1744029068832,241.8530436105768,236.3999469412854,240.6313018798828,1765371,HINDCOPPER.NS
2025-08-20,240.3233946056731,242.04175976847338,237.88986870858017,238.9526824951172,1842921,HINDCOPPER.NS
2025-08-21,239.64797569203037,241.24715246618905,237.4031596942463,238.19778442382812,829439,HINDCOPPER.NS
2025-08-22,237.60182292823436,238.88314372480525,234.95970219175126,236.3800811767578,1133353,HINDCOPPER.NS
2025-08-25,236.87671249021872,238.25736701756745,233.52937359903774,234.58224487304688,1427112,HINDCOPPER.NS
2025-08-26,233.42012562908926,235.8933911398615,227.95710141223825,229.6357421875,2338135,HINDCOPPER.NS
2025-08-28,229.14902537821695,230.65881082343867,225.17591695325885,229.3576202392578,1543223,HINDCOPPER.NS
2025-08-29,228.65238679784312,230.44028862010234,226.02020852910448,228.35440063476562,1479650,HINDCOPPER.NS
2025-09-01,226.5665219414011,232.42685101125358,226.5665219414011,231.25479125976562,2348312,HINDCOPPER.NS
2025-09-02,231.16537184722895,240.05519873054186,230.73826997547485,236.2012939453125,2689463,HINDCOPPER.NS
2025-09-03,237.42301800568893,249.2032847204912,236.59859621476048,246.30291748046875,6565933,HINDCOPPER.NS
2025-09-04,248.31928238485636,249.16357400744735,240.62138463092583,241.40606689453125,1874814,HINDCOPPER.NS
2025-09-05,241.36634708157143,244.04819235123648,238.6845018119064,242.58807373046875,1388790,HINDCOPPER.NS
2025-09-08,243.3528958281544,248.71658624514964,239.89629567400652,243.99851989746094,2837568,HINDCOPPER.NS
2025-09-09,243.84952556488838,244.64415026803138,240.33333133545304,242.68739318847656,2048896,HINDCOPPER.NS
2025-09-10,242.85624484656114,247.81270290723,242.11128704028334,243.2932891845703,2467258,HINDCOPPER.NS
2025-09-11,243.283358147358,254.47761070906122,242.50860320491464,246.90882873535156,5314233,HINDCOPPER.NS
2025-09-12,249.31257640292054,280.50147432072333,249.3026490871869,278.1672668457031,50184477,HINDCOPPER.NS
2025-09-15,278.16723422411087,285.06057958665986,275.34633095343605,278.6042785644531,14666961,HINDCOPPER.NS
2025-09-16,279.1009130357868,292.2717766290503,277.3229689128345,287.5040588378906,18970326,HINDCOPPER.NS
2025-09-17,286.03400242127486,289.71905190679894,281.3755304832453,282.6667785644531,8785316,HINDCOPPER.NS
2025-09-18,285.24266542904854,285.7917728050264,278.5034707864846,280.0210266113281,5104886,HINDCOPPER.NS
2025-09-19,278.55338958108297,284.01463467441454,275.80779165510455,282.4071960449219,4970912,HINDCOPPER.NS
2025-09-22,282.78659667935085,304.91112793930614,281.5485913468257,296.09527587890625,35446549,HINDCOPPER.NS
2025-09-23,297.6228148545527,311.50055797843646,292.9303263128998,306.9378662109375,28399927,HINDCOPPER.NS
2025-09-24,307.55687315900013,313.39751479657593,305.0309243049473,308.2158203125,13482206,HINDCOPPER.NS
2025-09-25,315.2445564993569,330.47014473883496,313.50735159120563,327.70458984375,61651367,HINDCOPPER.NS
2025-09-26,326.46655716187837,326.46655716187837,309.50376385418514,311.4706115722656,17213905,HINDCOPPER.NS
2025-09-29,314.9450482185049,325.47814787164583,310.00295985934366,318.9486083984375,19567807,HINDCOPPER.NS
2025-09-30,323.7209702881541,335.96135511607594,322.14351284422077,328.91265869140625,36005290,HINDCOPPER.NS
2025-10-01,328.4733417613913,339.3558871120204,321.88390084811664,334.76324462890625,15231694,HINDCOPPER.NS
2025-10-03,337.45895327049874,343.14984129716686,334.46375546040554,337.8583068847656,15490540,HINDCOPPER.NS
2025-10-06,343.9485297743009,346.4445278133016,334.76324480328776,337.4090270996094,9813035,HINDCOPPER.NS
2025-10-07,338.45733378286326,348.2915721413908,330.96933967262294,332.11749267578125,13895093,HINDCOPPER.NS
2025-10-08,332.8663200876064,343.3994509699632,331.16905956108025,341.6522521972656,11126344,HINDCOPPER.NS
2025-10-09,342.1514321914178,364.91492270626014,340.703741103998,363.56707763671875,44270098,HINDCOPPER.NS
2025-10-10,364.4157201094683,364.4157201094683,340.5539845302922,343.9984436035156,20873761,HINDCOPPER.NS
2025-10-13,343.4493453853892,347.44294242475416,336.9597501964211,340.25445556640625,9849453,HINDCOPPER.NS
2025-10-14,345.9453555554426,352.7344585707708,328.0740142770601,329.62152099609375,15332635,HINDCOPPER.NS
2025-10-15,331.2688533038937,342.8003827256525,329.92103871439826,341.3526916503906,10953927,HINDCOPPER.NS
2025-10-16,342.7504670508355,346.4445566434589,339.90505342456805,341.6522521972656,5538226,HINDCOPPER.NS
2025-10-17,342.45095599132463,346.6941529678935,337.5588055709085,341.40264892578125,6024481,HINDCOPPER.NS
2025-10-20,343.1997353140288,349.19013069405554,335.4621412814944,344.79718017578125,6883519,HINDCOPPER.NS
2025-10-21,345.4461284093018,349.839078861802,343.4493299791902,345.7456359863281,2005789,HINDCOPPER.NS
2025-10-23,346.44453041277694,347.1434220564315,328.7728519765655,330.1206970214844,7549897,HINDCOPPER.NS
2025-10-24,330.6698365295237,344.44773368961785,330.6698365295237,342.55078125,13167009,HINDCOPPER.NS
2025-10-27,346.14504766165817,352.33510500759104,345.4960637451172,347.7424621582031,11747860,HINDCOPPER.NS
2025-10-28,347.8922243250531,349.938930561675,340.5040456386414,341.7520446777344,4349254,HINDCOPPER.NS
2025-10-29,343.44935280160917,354.6813447173595,343.24966075783794,350.9373474121094,13944878,HINDCOPPER.NS
2025-10-30,351.4365517361024,351.7360593370225,344.4976644504124,347.7424621582031,3447619,HINDCOPPER.NS
2025-10-31,346.3447018577406,349.33989967801864,338.45735369142056,339.7053527832031,4401680,HINDCOPPER.NS
2025-11-03,341.4525417057196,345.9453383071107,339.0563896120565,341.20294189453125,4056269,HINDCOPPER.NS
2025-11-04,340.4541599618732,342.9501582020629,330.3703209777612,331.867919921875,4146708,HINDCOPPER.NS
2025-11-06,333.41543294849646,333.4653407221919,320.5859968299603,321.7840576171875,4353679,HINDCOPPER.NS
2025-11-07,318.9885745227731,334.81320943087235,316.8919299110373,332.26727294921875,6409393,HINDCOPPER.NS
2025-11-10,332.4669387948975,342.0515773584055,331.5184473525868,337.4090270996094,7221580,HINDCOPPER.NS
2025-11-11,339.45575884581285,364.765186959386,339.05640522326934,359.1242370605469,36648857,HINDCOPPER.NS
2025-11-12,359.3238973172696,359.3238973172696,337.9581586680429,339.15625,17057756,HINDCOPPER.NS
2025-11-13,342.4509554750285,346.9437522669749,334.8631147993288,336.5104675292969,11113848,HINDCOPPER.NS
2025-11-14,337.3591003060524,338.00805372447,331.51845860284027,334.7133483886719,5490018,HINDCOPPER.NS
2025-11-17,335.8615043294659,340.3543009908941,331.76806127753025,338.008056640625,5215839,HINDCOPPER.NS
2025-11-18,334.56360908658263,334.9629627099278,326.97576836811135,330.0208740234375,5032784,HINDCOPPER.NS
2025-11-19,330.0208474035303,331.867892039836,326.47654238772884,327.225341796875,3351769,HINDCOPPER.NS
2025-11-20,329.37191022456307,332.96615365915704,322.63271521047216,326.6263122558594,4587205,HINDCOPPER.NS
2025-11-21,324.4797634404361,326.47656198468496,311.65032669989176,313.6471252441406,5632980,HINDCOPPER.NS
2025-11-24,313.64710734067177,318.8887032201265,308.00615786890864,312.7984619140625,4834709,HINDCOPPER.NS
2025-11-25,314.99498056386795,323.2317748258392,312.24938247654427,319.6874694824219,6351251,HINDCOPPER.NS
2025-11-26,324.2800764516519,330.3204104233655,321.98377027747443,328.5732116699219,8010595,HINDCOPPER.NS
2025-11-27,331.21896079774336,333.7648667716214,323.8308122271233,325.2784729003906,5412607,HINDCOPPER.NS
2025-11-28,325.3783172051841,331.46855886850153,321.1850585368795,326.4765625,4727861,HINDCOPPER.NS
2025-12-01,334.9629613456588,343.3495092766629,330.7197643688509,338.7568664550781,15939026,HINDCOPPER.NS
2025-12-02,338.70693680040415,339.3558902023708,334.66343212999743,338.0579833984375,3919300,HINDCOPPER.NS
2025-12-03,341.4525492163406,345.2963924869368,335.71175343273256,338.65704345703125,9381813,HINDCOPPER.NS
2025-12-04,341.45253842836854,367.4109185428059,341.45253842836854,365.1645202636719,56781515,HINDCOPPER.NS
2025-12-05,362.3190754227793,373.4013129985676,355.7296343937651,371.2547607421875,41882585,HINDCOPPER.NS
2025-12-08,371.4045148217202,377.79426382168197,360.52196927149583,362.9181213378906,22042865,HINDCOPPER.NS
2025-12-09,360.92131999099405,365.41411650540476,348.9405292858988,362.2691650390625,12597995,HINDCOPPER.NS
2025-12-10,362.4189198288604,371.2048208493422,356.8778162999593,358.8246765136719,12937480,HINDCOPPER.NS
2025-12-11,361.1210356670099,363.91654149373653,350.93735071343866,356.47845458984375,9796560,HINDCOPPER.NS
2025-12-12,361.4205263328471,384.0842013594418,361.4205263328471,381.6880187988281,44520103,HINDCOPPER.NS
2025-12-15,381.38850309416665,389.0761892969061,374.5494623245182,379.341796875,14369551,HINDCOPPER.NS
2025-12-16,378.04387857673936,378.04387857673936,367.4109324144684,368.8086853027344,9297078,HINDCOPPER.NS
2025-12-17,369.4077327329941,374.10022152547197,364.41573634471035,367.6106262207031,9659217,HINDCOPPER.NS
2025-12-18,367.8102793812741,389.07620179013776,362.61862153745585,386.8298034667969,29335396,HINDCOPPER.NS
2025-12-19,386.3805190516155,390.2243623503966,379.94083154659745,386.92962646484375,10530081,HINDCOPPER.NS
2025-12-22,393.86849491977637,408.2454376900229,393.5689873392671,402.7542419433594,29309939,HINDCOPPER.NS
2025-12-23,405.64961786731016,415.0345955342325,401.8557127665705,407.147216796875,18799415,HINDCOPPER.NS
2025-12-24,417.3309017138919,438.7964863714246,412.03939768347976,435.8511962890625,47327061,HINDCOPPER.NS
2025-12-26,451.37630196948976,480.0802800858969,442.5404626120852,474.83868408203125,96353483,HINDCOPPER.NS
2025-12-29,544.1775126325745,545.0760963550258,474.8387012674419,486.66973876953125,195443305,HINDCOPPER.NS
2025-12-30,482.1769301631491,537.5381807847434,480.23003943739855,532.4962158203125,153331407,HINDCOPPER.NS
2025-12-31,529.1516207289668,536.9890307364793,514.1756314630526,517.4703369140625,74797791,HINDCOPPER.NS
2026-01-01,520.6652319639458,533.2450386968167,519.4172328461032,521.8134155273438,34632582,HINDCOPPER.NS
2026-01-02,529.1516169979354,544.3272982012165,527.1049106668497,541.0325927734375,42252954,HINDCOPPER.NS
2026-01-05,554.0616678318953,569.0875641360675,549.1195794295388,551.7153930664062,52217841,HINDCOPPER.NS
2026-01-06,567.5899512431412,573.6801620530033,561.1003563740463,564.3451538085938,38368185,HINDCOPPER.NS
2026-01-07,573.879906100136,574.079598147853,547.122817017432,550.3676147460938,35384649,HINDCOPPER.NS
2026-01-08,543.0294113698711,543.0294113698711,517.719952192356,519.9164428710938,41387603,HINDCOPPER.NS
2026-01-09,518.4188019693917,532.3963912377046,510.48151587596624,519.96630859375,34253643,HINDCOPPER.NS
2026-01-12,531.1483952854509,547.1227831135848,522.5621862028104,544.8264770507812,52251830,HINDCOPPER.NS
2026-01-13,549.119586701091,553.7121988694274,534.1435979728793,538.5864868164062,29862998,HINDCOPPER.NS
2026-01-14,547.1726761352203,575.0779463076021,544.7765545880764,571.883056640625,53419763,HINDCOPPER.NS
2026-01-15,571.883056640625,571.883056640625,571.883056640625,571.883056640625,0,HINDCOPPER.NS
2026-01-16,570.83476958998,571.5835690253845,558.0053636383657,560.55126953125,28544988,HINDCOPPER.NS
2026-01-19,569.0875711895783,570.0859704372793,544.2274055468414,546.923095703125,26702316,HINDCOPPER.NS
2026-01-20,548.1212063286554,554.5608938910461,529.1516199529824,531.0985107421875,28225843,HINDCOPPER.NS
2026-01-21,531.6975161514732,558.6043885187316,522.8117992594035,556.4078979492188,37306733,HINDCOPPER.NS
2026-01-22,560.1019733955313,563.4465864730901,524.4591083555977,531.1983032226562,27205079,HINDCOPPER.NS
2026-01-23,543.1291847348108,555.0600678002078,531.6475935133948,535.0421752929688,29167207,HINDCOPPER.NS
2026-01-27,550.8168983773147,562.9973818562975,543.3788115077241,561.2501831054688,27820698,HINDCOPPER.NS
2026-01-28,567.8894803804626,641.9707168094129,563.3467759871091,632.3861083984375,108310220,HINDCOPPER.NS
2026-01-29,661.4395347210584,758.8333740234375,660.9403350722123,758.8333740234375,138633007,HINDCOPPER.NS
2026-01-30,724.8378481312956,735.3210401497234,670.1754897494934,684.8020629882812,113198070,HINDCOPPER.NS
2026-02-02,589.2053243019748,637.527810007514,580.6190544439477,609.5726318359375,70707887,HINDCOPPER.NS
2026-02-03,638.8756953298124,656.946697121861,609.0235338059806,613.7659301757812,45672234,HINDCOPPER.NS
2026-02-04,623.7499319179291,640.9723189936942,606.7771446548562,612.667724609375,35143075,HINDCOPPER.NS
2026-02-05,587.0587866154412,619.0075641183223,576.675409552022,606.327880859375,31154519,HINDCOPPER.NS
2026-02-06,586.45977748495,600.1877679603705,574.8284011798833,578.9218139648438,27714476,HINDCOPPER.NS
2026-02-09,593.2987882429143,609.5227769832547,591.9010048379942,597.0427856445312,24271749,HINDCOPPER.NS
2026-02-10,609.0235273653128,609.0235273653128,594.0475389874772,596.5934448242188,12379419,HINDCOPPER.NS
2026-02-11,600.037952401476,606.4776397852889,592.8494655762304,602.733642578125,10230524,HINDCOPPER.NS
2026-02-12,605.0299343874526,627.6936091336811,601.0862452348953,623.7000122070312,27778672,HINDCOPPER.NS
2026-02-13,606.0,613.0,585.0,591.6500244140625,16167639,HINDCOPPER.NS
2026-02-16,585.0,585.0,568.2999877929688,574.4000244140625,11668799,HINDCOPPER.NS
2026-02-17,574.4000244140625,574.4000244140625,547.0,549.4500122070312,15247235,HINDCOPPER.NS
2026-02-18,549.4500122070312,579.2999877929688,545.0,569.4000244140625,22294257,HINDCOPPER.NS
2026-02-19,583.0,592.0,560.0,563.6500244140625,15951583,HINDCOPPER.NS
2026-02-20,565.0,573.7999877929688,560.5999755859375,569.0499877929688,8034313,HINDCOPPER.NS
2026-02-23,584.0,584.9500122070312,560.0499877929688,563.3499755859375,11737715,HINDCOPPER.NS
2026-02-24,569.0,569.0499877929688,556.4500122070312,563.4500122070312,6939903,HINDCOPPER.NS
2026-02-25,568.7999877929688,589.0,567.1500244140625,585.9500122070312,17518066,HINDCOPPER.NS
2026-02-26,590.0,591.5499877929688,577.75,583.75,7976576,HINDCOPPER.NS
2026-02-27,584.0999755859375,588.7000122070312,560.2999877929688,566.2999877929688,10159245,HINDCOPPER.NS
2026-03-02,563.5,589.7999877929688,555.0,576.0,18272860,HINDCOPPER.NS
2026-03-04,570.5499877929688,574.2999877929688,540.0,546.7999877929688,17693572,HINDCOPPER.NS
2026-03-05,554.7999877929688,564.7999877929688,549.5,558.0,11612411,HINDCOPPER.NS
2026-03-06,558.25,564.4000244140625,553.4000244140625,558.5999755859375,6695386,HINDCOPPER.NS
2026-03-09,549.7999877929688,551.3499755859375,534.6500244140625,540.5499877929688,7172740,HINDCOPPER.NS
2026-03-10,552.0,555.0,545.5,548.9500122070312,4213894,HINDCOPPER.NS
2026-03-11,550.0,562.0,540.4000244140625,542.9000244140625,5402609,HINDCOPPER.NS
2026-03-12,540.7999877929688,540.7999877929688,519.4000244140625,527.3499755859375,8013312,HINDCOPPER.NS
2026-03-13,526.2999877929688,528.3499755859375,493.54998779296875,496.29998779296875,10833935,HINDCOPPER.NS
2026-03-16,488.04998779296875,494.79998779296875,472.5,477.54998779296875,11893736,HINDCOPPER.NS
2026-03-17,479.45001220703125,495.0,461.79998779296875,493.1499938964844,15297877,HINDCOPPER.NS
2026-03-18,494.04998779296875,494.8999938964844,473.20001220703125,489.1499938964844,12516538,HINDCOPPER.NS
2026-03-19,475.0,478.54998779296875,463.0,470.5,12391967,HINDCOPPER.NS
2026-03-20,472.0,493.0,472.0,489.45001220703125,17030835,HINDCOPPER.NS
2026-03-23,475.0,475.95001220703125,445.70001220703125,449.1499938964844,14250496,HINDCOPPER.NS
2026-03-24,463.6000061035156,468.54998779296875,447.0,463.54998779296875,10804356,HINDCOPPER.NS
2026-03-25,472.5,487.0,471.20001220703125,480.54998779296875,9964820,HINDCOPPER.NS
2026-03-27,479.0,498.0,463.04998779296875,493.45001220703125,17474064,HINDCOPPER.NS
2026-03-30,484.0,484.95001220703125,450.1000061035156,453.5,14948476,HINDCOPPER.NS
2026-04-01,473.70001220703125,510.8999938964844,471.75,496.0,30212065,HINDCOPPER.NS
2026-04-02,477.8999938964844,499.45001220703125,468.20001220703125,495.1499938964844,18010973,HINDCOPPER.NS
2026-04-06,492.5,508.20001220703125,483.0,503.3500061035156,13081861,HINDCOPPER.NS
2026-04-07,500.95001220703125,512.0,496.3999938964844,504.3999938964844,8884699,HINDCOPPER.NS
2026-04-08,530.0,533.5999755859375,521.5,526.25,10195213,HINDCOPPER.NS
2026-04-09,526.25,533.0,519.0999755859375,522.2999877929688,6692572,HINDCOPPER.NS
2026-04-10,527.8499755859375,536.0,526.2999877929688,530.0499877929688,4731141,HINDCOPPER.NS
2026-04-13,515.0499877929688,534.4000244140625,512.5,527.0499877929688,6192530,HINDCOPPER.NS
2026-04-15,555.0,566.0,545.8499755859375,548.4500122070312,11578843,HINDCOPPER.NS
2026-04-16,559.9500122070312,566.5499877929688,553.2999877929688,563.75,7656137,HINDCOPPER.NS
2026-04-17,564.0,572.3499755859375,556.5,569.5999755859375,6668615,HINDCOPPER.NS
2026-04-20,569.0,569.0,553.0499877929688,556.5999755859375,3767589,HINDCOPPER.NS
2026-04-21,561.0,567.3499755859375,550.0,551.8499755859375,4614409,HINDCOPPER.NS
2026-04-22,554.0,560.7999877929688,553.5,556.9500122070312,3353905,HINDCOPPER.NS
2026-04-23,556.4500122070312,560.7999877929688,548.0,549.4500122070312,3113464,HINDCOPPER.NS
2026-04-24,551.4000244140625,554.9500122070312,537.4500122070312,541.5,3855030,HINDCOPPER.NS
2026-04-27,546.7999877929688,562.0,546.0,559.3499755859375,5543356,HINDCOPPER.NS
2026-04-28,562.0,568.4500122070312,554.0,556.4000244140625,4598267,HINDCOPPER.NS
2026-04-29,558.6500244140625,563.4000244140625,548.25,555.25,3405363,HINDCOPPER.NS
2026-04-30,553.3499755859375,555.25,532.0499877929688,534.8499755859375,4384552,HINDCOPPER.NS
2026-05-01,534.8499755859375,534.8499755859375,534.8499755859375,534.8499755859375,0,HINDCOPPER.NS
2026-05-04,540.0,544.5,528.25,537.4000244140625,3358966,HINDCOPPER.NS
2026-05-05,531.75,538.2999877929688,530.25,532.0499877929688,2315433,HINDCOPPER.NS
2026-05-06,544.0,553.5,540.7000122070312,550.5,4675606,HINDCOPPER.NS
2026-05-07,557.0,584.0,556.0,568.5999755859375,13960096,HINDCOPPER.NS
2026-05-08,570.0,575.0,559.0999755859375,569.2000122070312,5071226,HINDCOPPER.NS
2026-05-11,569.0,579.0,564.0999755859375,572.9000244140625,5956712,HINDCOPPER.NS
2026-05-12,584.0,592.2999877929688,560.3499755859375,564.2000122070312,13183963,HINDCOPPER.NS
2026-05-13,580.0,600.0,577.0,595.2999877929688,18240644,HINDCOPPER.NS
2026-05-14,601.0,618.0999755859375,599.1500244140625,606.4500122070312,12626611,HINDCOPPER.NS
2026-05-15,598.0,598.0,568.0,570.25,8486416,HINDCOPPER.NS
2026-05-18,580.0,591.9000244140625,574.4500122070312,581.1500244140625,16184564,HINDCOPPER.NS
2026-05-19,586.0499877929688,587.0,568.0,569.5,4782565,HINDCOPPER.NS
2026-05-20,561.7000122070312,561.7000122070312,546.5,554.5999755859375,5454305,HINDCOPPER.NS
2026-05-21,563.0,566.75,550.0999755859375,552.1500244140625,3540089,HINDCOPPER.NS
2026-05-22,557.0,560.0,545.0,545.75,4438011,HINDCOPPER.NS
2026-05-25,554.7999877929688,555.0,542.0999755859375,545.5499877929688,4086314,HINDCOPPER.NS
2026-05-26,546.0,564.8499755859375,541.0,556.0,7625490,HINDCOPPER.NS
2026-05-27,558.0,564.0,554.2999877929688,555.3499755859375,4061276,HINDCOPPER.NS
2026-05-28,555.3499755859375,555.3499755859375,555.3499755859375,555.3499755859375,0,HINDCOPPER.NS
2026-05-29,558.0,564.6500244140625,528.0,538.7000122070312,5365662,HINDCOPPER.NS
2025-05-29,332.23201902260837,333.44987832987596,329.35785916429944,330.62445068359375,15884093,NTPC.NS
2025-05-30,328.8220159790005,331.9884502069465,324.2915852609797,325.3145751953125,19143010,NTPC.NS
2025-06-02,325.31459217484854,326.19144498331383,321.8071512080924,323.9992980957031,29479727,NTPC.NS
2025-06-03,324.43771020637973,326.14271318794476,318.59198569815663,319.8098449707031,14081719,NTPC.NS
2025-06-04,320.5405773026706,321.466162291383,316.4972902528783,320.7841491699219,15654279,NTPC.NS
2025-06-05,320.7354609324231,323.07374501529193,319.1765949662122,320.1995849609375,16270360,NTPC.NS
2025-06-06,321.1738636125753,324.9248763779097,320.5892851747618,324.2915954589844,11402511,NTPC.NS
2025-06-09,325.3145802152433,328.8707235333864,324.19415557156725,328.43231201171875,19416373,NTPC.NS
2025-06-10,330.0885937324766,332.13460343293355,328.1400187287834,330.47833251953125,12061248,NTPC.NS
2025-06-11,332.232013290897,333.7908791238844,328.7733048110843,329.4065856933594,10807496,NTPC.NS
2025-06-12,329.4552815917332,332.8652875251476,324.09670083922475,325.1197204589844,11881618,NTPC.NS
2025-06-13,318.39712968688724,324.34028913297107,318.2022900348364,323.41473388671875,11711773,NTPC.NS
2025-06-16,323.4634199695977,326.04527565831876,322.0994235428103,325.1197204589844,8065112,NTPC.NS
2025-06-17,325.412019883039,328.23744764203144,324.53516709340613,326.5811767578125,6796992,NTPC.NS
2025-06-18,326.58117217260093,327.26315556256503,322.2455810334901,323.8531494140625,17835507,NTPC.NS
2025-06-19,323.85311888525376,324.5838344196216,320.10210652892056,321.56353759765625,11610604,NTPC.NS
2025-06-20,321.51486994431997,327.36059485239855,321.22259559207384,326.5811767578125,16592862,NTPC.NS
2025-06-23,325.119726266615,327.0683011205164,321.8558574397515,324.0480041503906,8277787,NTPC.NS
2025-06-24,322.489176549848,323.1711897227192,313.0873077118169,321.4661865234375,100814893,NTPC.NS
2025-06-25,322.97629849133307,325.1197428330004,320.9302888439042,322.343017578125,17963666,NTPC.NS
2025-06-26,323.85312244693523,329.11426840566673,322.7814003714975,328.4809875488281,13754087,NTPC.NS
2025-06-27,330.23475107385036,332.52430285052264,325.85045744259764,329.6014404296875,50845169,NTPC.NS
2025-06-30,327.11702972014865,328.57846097727514,325.0710200135925,326.28887939453125,11858890,NTPC.NS
2025-07-01,326.62985988523155,326.62985988523155,323.60956291510576,324.0480041503906,8903292,NTPC.NS
2025-07-02,324.09670440480113,327.0195666655982,322.78141044086397,325.1684265136719,11326880,NTPC.NS
2025-07-03,325.9966125488281,327.701615721434,322.4891715043168,325.9966125488281,15786429,NTPC.NS
2025-07-04,327.06831298913426,327.3605873346684,323.7070093510226,326.8734436035156,5899185,NTPC.NS
2025-07-07,326.87341264738103,330.2834184425102,325.1684097498165,328.7732849121094,9454556,NTPC.NS
2025-07-08,329.50405068818344,335.0574717045421,328.3348937726892,334.37548828125,12092302,NTPC.NS
2025-07-09,334.4241611347642,336.71374254723264,333.98571989707494,335.1548767089844,9079872,NTPC.NS
2025-07-10,335.1548923666643,336.1291798444743,332.4268993219537,332.67047119140625,6426072,NTPC.NS
2025-07-11,331.7448918010749,335.1548980310419,330.7706043067986,333.8883361816406,17234194,NTPC.NS
2025-07-14,334.2293272920089,336.129199880142,331.20905971708385,333.30377197265625,11516965,NTPC.NS
2025-07-15,334.32672341854163,335.252308363999,332.18330892663425,333.206298828125,8450777,NTPC.NS
2025-07-16,333.20630363300415,334.96000912738907,332.03714681481887,333.6447448730469,6001484,NTPC.NS
2025-07-17,335.34976304552697,335.6420373968367,333.20631869294095,333.839599609375,7562006,NTPC.NS
2025-07-18,334.18062480837307,335.0574776440899,331.8910431524654,333.30377197265625,6370338,NTPC.NS
2025-07-21,333.303759264824,333.98574267420366,330.5757364286209,332.76788330078125,4463318,NTPC.NS
2025-07-22,332.7678904063639,333.79091014162015,331.3064591270511,332.0859069824219,4728372,NTPC.NS
2025-07-23,333.01141932215023,335.15486348176,332.18329882369756,334.2292785644531,5058422,NTPC.NS
2025-07-24,334.76516746057104,334.76516746057104,327.8477207492971,330.1860046386719,9098453,NTPC.NS
2025-07-25,330.1860196500847,331.16030712602645,323.99928823127567,324.6325988769531,7790739,NTPC.NS
2025-07-28,324.87615127713724,327.9451506958595,321.8558543361358,324.3890075683594,4605823,NTPC.NS
2025-07-29,323.4634590315202,326.873465376732,320.0534526863084,325.9966125488281,7551356,NTPC.NS
2025-07-30,326.38631192893257,333.49859877333046,323.95059318319426,330.0885925292969,12537358,NTPC.NS
2025-07-31,327.4092841217811,331.35516611524565,324.4377193065749,325.65557861328125,8935384,NTPC.NS
2025-08-01,324.43773330292333,326.14273640586663,321.7097402313719,322.3917236328125,7107542,NTPC.NS
2025-08-04,322.39171777815415,324.7300017588626,318.7868719799893,323.46343994140625,8193399,NTPC.NS
2025-08-05,323.90188369737683,325.7530239575299,322.78142931225005,325.0223083496094,9855535,NTPC.NS
2025-08-06,325.02231380874684,326.7760194040539,323.07373882156355,323.5608825683594,13872826,NTPC.NS
2025-08-07,323.5608520928214,323.9018586300387,320.1995486633667,321.2712707519531,8731389,NTPC.NS
2025-08-08,321.5148351439974,328.82199048817915,321.17382861469065,326.1427001953125,11247218,NTPC.NS
2025-08-11,326.3863196816912,330.3809044661656,325.3633296773396,327.5067443847656,11993280,NTPC.NS
2025-08-12,327.604181163862,333.0601972651404,327.1170374000495,331.3551940917969,7221182,NTPC.NS
2025-08-13,331.55002224667015,334.1806103730856,330.42959757538017,331.20904541015625,5417151,NTPC.NS
2025-08-14,331.20902909766085,331.6961728205679,327.65285613412476,330.62445068359375,5689423,NTPC.NS
2025-08-18,332.6704470245254,333.01142383067327,326.82472258232826,327.4092712402344,6511340,NTPC.NS
2025-08-19,330.18601017996497,331.89101321396157,325.55814480197415,326.43499755859375,10316115,NTPC.NS
2025-08-20,329.11427975637696,334.57029527441017,327.84771799901773,333.206298828125,10824544,NTPC.NS
2025-08-21,333.54733098798215,335.4959059845728,328.2374522291147,330.0885925292969,11135121,NTPC.NS
2025-08-22,329.79630055413406,330.1860095860536,326.87343821539724,328.3348693847656,8534844,NTPC.NS
2025-08-25,328.38357709319916,332.6217334984358,328.38357709319916,329.16302490234375,7142387,NTPC.NS
2025-08-26,327.50672909124484,328.72458843617204,323.21987014367994,324.6325988769531,13113388,NTPC.NS
2025-08-28,322.73272225755545,324.34029062561814,320.24830111899445,322.2942810058594,10486948,NTPC.NS
2025-08-29,322.4891416859791,322.976285404538,318.59199193750806,319.1278381347656,11813425,NTPC.NS
2025-09-01,319.56628091046656,323.07372164752593,319.56628091046656,322.1968688964844,6897558,NTPC.NS
2025-09-02,322.5865855711445,329.55273499851813,322.5865855711445,327.6528625488281,9224639,NTPC.NS
2025-09-03,327.8477253653527,329.3091565334003,324.92486302925744,325.65557861328125,10778333,NTPC.NS
2025-09-04,328.2143637799006,329.59216919528404,324.08091749984493,324.81903076171875,7934237,NTPC.NS
2025-09-05,324.8190584732195,326.5413228978578,320.7840629911934,323.490478515625,5678244,NTPC.NS
2025-09-08,323.5396840828277,325.70482858302927,321.1777273769136,321.5221862792969,5239184,NTPC.NS
2025-09-09,322.40787692411345,322.94914796612073,318.52046842055296,318.9633483886719,9735495,NTPC.NS
2025-09-10,320.3411833904529,322.85075668455676,319.9967244983052,320.4888000488281,6509477,NTPC.NS
2025-09-11,321.27612134900113,328.21437421770185,320.8332413642303,325.8031921386719,10309925,NTPC.NS
2025-09-12,326.7381654455649,328.2143920966744,323.1952154761205,326.44293212890625,5257048,NTPC.NS
2025-09-15,325.754026389271,328.5096375596649,325.40956748449446,325.8524475097656,6566824,NTPC.NS
2025-09-16,325.9508495004629,330.47792043843276,325.9508495004629,329.73980712890625,8784889,NTPC.NS
2025-09-17,330.1826904366309,332.1017970741923,329.2477348882994,331.06842041015625,7936518,NTPC.NS
2025-09-18,331.65890623265017,332.24940287367366,328.804874173928,331.6097106933594,6497322,NTPC.NS
2025-09-19,331.6097369696617,334.1193103504831,331.1176614021352,333.28277587890625,10646331,NTPC.NS
2025-09-22,333.77484058661287,334.95583392381485,331.5113050632019,333.8240661621094,6966213,NTPC.NS
2025-09-23,334.0701182218535,338.6464150398427,332.7415081691703,337.5638427734375,10738268,NTPC.NS
2025-09-24,337.85904431902344,344.84652279874786,336.82569772743255,342.0909118652344,14653575,NTPC.NS
2025-09-25,343.7639723865318,345.24019905873377,334.6113790324431,335.10345458984375,13228081,NTPC.NS
2025-09-26,335.10344605690574,335.34948382934107,331.1176461570167,332.5446472167969,6337702,NTPC.NS
2025-09-29,333.72564016283786,338.301936718208,332.64306795855805,335.54632568359375,16922231,NTPC.NS
2025-09-30,335.6939524740484,337.61302913447474,333.77484577971336,335.05426025390625,8308029,NTPC.NS
2025-10-01,334.9066174179206,337.6130330245518,332.69227737613147,334.857421875,6022078,NTPC.NS
2025-10-03,334.85738658347327,338.0558774178488,333.3811600445307,336.57965087890625,8506827,NTPC.NS
2025-10-06,335.2018429831596,336.3828061852815,330.33028342692836,333.7256164550781,8436245,NTPC.NS
2025-10-07,333.7256386054779,335.98917408521186,331.511298666383,332.64306640625,16130172,NTPC.NS
2025-10-08,333.873279363479,333.873279363479,327.03341682205604,328.5096435546875,13223442,NTPC.NS
2025-10-09,328.5096024908693,331.0684011810283,325.9508338346163,330.5271301269531,6824759,NTPC.NS
2025-10-10,330.67476060726113,336.5304715065776,330.62556506716226,334.3161315917969,8970962,NTPC.NS
2025-10-13,332.59388759491145,336.6781087923391,330.87162311120863,336.2844543457031,6663149,NTPC.NS
2025-10-14,336.5796673787888,337.5638184529958,329.88745208774424,331.314453125,7545848,NTPC.NS
2025-10-15,331.6097249828098,336.3336382467429,331.4128827493509,333.8732604980469,8121744,NTPC.NS
2025-10-16,334.8082010906468,337.1701576170371,334.26689998978424,336.08758544921875,6788416,NTPC.NS
2025-10-17,336.0875955620819,338.7448155054184,334.75898559041366,335.59552001953125,7032129,NTPC.NS
2025-10-20,335.9891859249046,338.9908648573518,334.9066136875287,336.5304870605469,6896835,NTPC.NS
2025-10-21,337.5146063671322,338.0558774178488,335.6446953906803,336.57965087890625,346988,NTPC.NS
2025-10-23,338.3511280827413,339.7289636169493,335.64471262240147,337.2193603515625,8710859,NTPC.NS
2025-10-24,337.0225489839997,337.8098578335593,332.790681324371,334.21771240234375,7584711,NTPC.NS
2025-10-27,335.3003020086915,337.4654164743728,335.0542642261885,336.3336486816406,6752390,NTPC.NS
2025-10-28,336.9733324003672,337.46540795294777,331.9541557572641,333.77484130859375,13186584,NTPC.NS
2025-10-29,333.8732464467879,344.45287032093074,333.77482533420056,341.99249267578125,15423201,NTPC.NS
2025-10-30,343.46873630345164,343.46873630345164,338.00670967379386,339.67974853515625,6721032,NTPC.NS
2025-10-31,339.5321146892116,339.5321146892116,330.2811007595333,331.6097106933594,18651312,NTPC.NS
2025-11-03,331.51129443302676,332.1509866227039,328.11596122287625,329.887451171875,10242245,NTPC.NS
2025-11-04,330.0842647112706,330.6747613633437,324.4746216013439,325.3603515625,11887651,NTPC.NS
2025-11-06,326.78734051244567,327.67310047474126,319.45543329165474,321.4729309082031,11587302,NTPC.NS
2025-11-07,321.96918999917244,324.6489703926429,318.4458030826677,323.6564636230469,8578167,NTPC.NS
2025-11-10,323.6564759060022,325.79035948383523,321.5722055529706,323.0113525390625,5246998,NTPC.NS
2025-11-11,323.50759497478134,324.9963551352011,320.43081791879985,324.20233154296875,6103758,NTPC.NS
2025-11-12,325.045991852091,325.7903719861034,323.1105913880966,324.6986083984375,6850550,NTPC.NS
2025-11-13,324.6986052641234,327.4776425776202,323.11058826911164,324.5001220703125,7276001,NTPC.NS
2025-11-14,324.5497141503254,327.4279777287404,323.75572084900506,325.9888610839844,9169855,NTPC.NS
2025-11-17,326.53474872536896,328.96640258675814,326.0881085340428,327.72576904296875,6283156,NTPC.NS
2025-11-18,326.58434091552317,327.2791077708557,324.6985841082101,325.9888610839844,6776200,NTPC.NS
2025-11-19,326.4851376137269,326.4851376137269,322.6143367009101,324.1527404785156,6935056,NTPC.NS
2025-11-20,325.5422439987782,327.52725768169756,323.7557437997128,324.1527404785156,5155775,NTPC.NS
2025-11-21,324.4008450132526,325.93921839679183,322.5647014242876,324.20233154296875,6142545,NTPC.NS
2025-11-24,324.25198377087,324.64898043320596,319.6368029183904,321.0263366699219,13719726,NTPC.NS
2025-11-25,321.02634838852583,323.16023202926664,320.08345477826816,321.27447509765625,8074651,NTPC.NS
2025-11-26,321.8699332644323,325.3437069580184,321.5721933491146,323.6564636230469,7101095,NTPC.NS
2025-11-27,324.6985812585232,326.2865981361298,322.5646977771625,324.8970947265625,6755179,NTPC.NS
2025-11-28,325.5422185834422,325.6910885402578,321.8203182185401,324.00384521484375,8930988,NTPC.NS
2025-12-01,324.64898681640625,325.79036360140253,323.0113566215068,324.64898681640625,6936186,NTPC.NS
2025-12-02,324.99637953010756,327.4776466503896,324.3016126208665,326.13775634765625,5806943,NTPC.NS
2025-12-03,326.5347444905355,326.5347444905355,318.8924298443442,320.53009033203125,8546132,NTPC.NS
2025-12-04,320.48044681758057,321.86995031082324,318.69394665325495,320.53009033203125,5965357,NTPC.NS
2025-12-05,319.8353213653072,321.72107825739164,318.54507462043483,320.87744140625,6574010,NTPC.NS
2025-12-08,320.7782138345562,320.7782138345562,315.4682963312413,317.1059265136719,7906928,NTPC.NS
2025-12-09,315.0712978277346,318.99168153992724,313.1855106643288,317.45330810546875,7152584,NTPC.NS
2025-12-10,317.45329868709297,321.2744558363941,317.1059152573559,319.190185546875,5484712,NTPC.NS
2025-12-11,319.2398151381619,321.0263456017354,316.7585480683971,320.1827087402344,6317942,NTPC.NS
2025-12-12,320.48043531438657,323.5075991866605,320.48043531438657,322.61431884765625,4261023,NTPC.NS
2025-12-15,320.6293026760478,322.8624429276532,319.1405425083109,321.5225830078125,10219819,NTPC.NS
2025-12-16,319.63681611268436,321.3737030848919,316.6592955889,318.5946960449219,5241263,NTPC.NS
2025-12-17,317.6021704766537,319.984180697448,317.1555303088596,318.8428039550781,5043027,NTPC.NS
2025-12-18,319.5871769831731,319.7360469395152,314.62464317908655,316.1134033203125,5554193,NTPC.NS
2025-12-19,316.56006636988315,318.1976965858744,315.12091934706694,317.5029296875,10833662,NTPC.NS
2025-12-22,317.55255595115347,321.224812858892,317.1059157851905,318.29693603515625,8925871,NTPC.NS
2025-12-23,318.6442927709519,322.3165800090179,317.8502994546204,320.82781982421875,6024641,NTPC.NS
2025-12-24,321.4729468801477,324.202340583696,319.8353167157995,320.133056640625,5678004,NTPC.NS
2025-12-26,320.1330440988337,323.3090778540973,319.88491740823196,321.67144775390625,4174183,NTPC.NS
2025-12-29,321.6714706127625,323.35871405541303,320.6293202648354,323.06097412109375,14043845,NTPC.NS
2025-12-30,322.5647108396016,323.11057746546095,320.9270806731198,322.4654541015625,8035909,NTPC.NS
2025-12-31,322.316576499899,328.1723604385753,322.2669632765072,327.0805969238281,8497983,NTPC.NS
2026-01-01,327.32873500849905,334.37553944281365,327.1302518191223,333.780029296875,10357315,NTPC.NS
2026-01-02,334.276267666054,350.35488943856933,333.43266114357067,349.4616394042969,23128940,NTPC.NS
2026-01-05,347.7247736833141,352.14141090010577,345.78937325072695,347.972900390625,18248271,NTPC.NS
2026-01-06,347.278136622167,351.4466774580942,343.5562359789838,348.17138671875,8641743,NTPC.NS
2026-01-07,346.93072899661536,348.7172593541995,343.7050819972889,346.2359924316406,7165806,NTPC.NS
2026-01-08,344.15173297579446,347.1788666008996,339.6358391503614,341.8193359375,8805975,NTPC.NS
2026-01-09,341.8193512420237,341.8193512420237,331.8942827954556,333.4822998046875,10161744,NTPC.NS
2026-01-12,334.22665039092703,338.09742068511275,331.1995168978991,334.9214172363281,9406174,NTPC.NS
2026-01-13,334.9214321050904,336.7079322312866,332.5393915516236,335.3680419921875,5583379,NTPC.NS
2026-01-14,336.36054935688634,347.87363432529014,334.9214326664008,346.484130859375,20389924,NTPC.NS
2026-01-15,346.484130859375,346.484130859375,346.484130859375,346.484130859375,0,NTPC.NS
2026-01-16,350.0075108396703,351.3970142775835,342.81183666554153,343.7547302246094,14275582,NTPC.NS
2026-01-19,340.9260916444588,345.3427590957348,339.4869446442261,340.7772216796875,9974363,NTPC.NS
2026-01-20,340.4298237142528,345.6900975044803,335.16954992402526,336.211669921875,7718407,NTPC.NS
2026-01-21,336.2613053103078,339.04034263593076,334.2762916301079,336.1620788574219,6948955,NTPC.NS
2026-01-22,336.1620715979687,340.6283522819688,334.5740546303211,339.88397216796875,5885972,NTPC.NS
2026-01-23,341.37273753187264,342.8614977822708,333.581552830341,334.17706298828125,10084314,NTPC.NS
2026-01-27,337.94855539511275,343.9035960188152,334.5243949209227,342.1170959472656,12203590,NTPC.NS
2026-01-28,342.1171124729344,350.6030336560542,342.1171124729344,345.4419860839844,13566973,NTPC.NS
2026-01-29,347.37738413523886,357.798705659296,344.69760362777674,355.46630859375,20624409,NTPC.NS
2026-01-30,356.30994843900874,356.6573318838472,348.4691506174911,353.3324279785156,22641103,NTPC.NS
2026-02-02,342.3652313234041,350.10677221500646,335.2191702781529,347.7247619628906,12622760,NTPC.NS
2026-02-03,363.20788654042616,363.20788654042616,351.1489043252551,355.8633117675781,11559806,NTPC.NS
2026-02-04,356.7565672913423,365.78835458365774,354.92042372604976,364.49810791015625,15515053,NTPC.NS
2026-02-05,366.97939373297004,367.92228731992134,362.2649863760218,364.25,18789794,NTPC.NS
2026-02-06,361.79998779296875,365.95001220703125,361.0,365.04998779296875,7328789,NTPC.NS
2026-02-09,366.54998779296875,368.6000061035156,361.0,361.8999938964844,7983235,NTPC.NS
2026-02-10,361.8999938964844,368.1499938964844,361.25,366.8999938964844,8319282,NTPC.NS
2026-02-11,369.0,369.0,366.0,368.45001220703125,5782448,NTPC.NS
2026-02-12,370.0,372.0,366.8500061035156,368.25,6763353,NTPC.NS
2026-02-13,367.54998779296875,368.0,362.3999938964844,363.0,7111972,NTPC.NS
2026-02-16,362.6000061035156,369.6499938964844,362.5,369.1000061035156,6292850,NTPC.NS
2026-02-17,368.75,369.5,366.04998779296875,368.3999938964844,4442793,NTPC.NS
2026-02-18,368.45001220703125,370.70001220703125,367.3999938964844,368.3999938964844,4871319,NTPC.NS
2026-02-19,367.0,370.8999938964844,362.20001220703125,363.20001220703125,5375352,NTPC.NS
2026-02-20,362.79998779296875,373.6499938964844,362.70001220703125,372.95001220703125,16736731,NTPC.NS
2026-02-23,374.0,376.5,372.1499938964844,375.45001220703125,16135451,NTPC.NS
2026-02-24,374.95001220703125,385.0,373.54998779296875,382.75,20774629,NTPC.NS
2026-02-25,382.75,388.54998779296875,382.70001220703125,384.8999938964844,12750016,NTPC.NS
2026-02-26,385.0,385.8500061035156,378.3999938964844,381.8999938964844,10721570,NTPC.NS
2026-02-27,381.0,385.20001220703125,380.1499938964844,381.8999938964844,11548959,NTPC.NS
2026-03-02,365.0,378.95001220703125,365.0,377.54998779296875,14732253,NTPC.NS
2026-03-04,370.75,373.8500061035156,364.1000061035156,365.79998779296875,11433169,NTPC.NS
2026-03-05,366.95001220703125,379.8999938964844,366.6000061035156,378.04998779296875,16158714,NTPC.NS
2026-03-06,377.0,385.54998779296875,374.6499938964844,380.6000061035156,14940896,NTPC.NS
2026-03-09,373.0,379.0,371.3999938964844,376.25,11286578,NTPC.NS
2026-03-10,385.0,385.45001220703125,374.8500061035156,377.29998779296875,10875834,NTPC.NS
2026-03-11,377.5,383.8999938964844,376.45001220703125,379.8999938964844,9963701,NTPC.NS
2026-03-12,379.0,392.3999938964844,375.6499938964844,390.54998779296875,23847146,NTPC.NS
2026-03-13,391.8500061035156,394.5,383.20001220703125,384.45001220703125,27107369,NTPC.NS
2026-03-16,384.5,388.25,375.45001220703125,382.3999938964844,16793109,NTPC.NS
2026-03-17,382.8999938964844,385.8999938964844,378.29998779296875,383.3500061035156,9720902,NTPC.NS
2026-03-18,385.0,386.3500061035156,377.6000061035156,378.5,10681498,NTPC.NS
2026-03-19,373.5,380.75,373.1000061035156,374.04998779296875,10568326,NTPC.NS
2026-03-20,375.8500061035156,383.29998779296875,375.5,380.95001220703125,20930288,NTPC.NS
2026-03-23,377.1000061035156,379.5,369.29998779296875,372.3999938964844,13148432,NTPC.NS
2026-03-24,378.0,378.1499938964844,371.0,375.54998779296875,9339144,NTPC.NS
2026-03-25,376.0,380.95001220703125,375.6000061035156,378.3999938964844,9266292,NTPC.NS
2026-03-27,379.8999938964844,379.8999938964844,374.6499938964844,375.6499938964844,20263654,NTPC.NS
2026-03-30,374.0,377.95001220703125,369.6499938964844,370.6499938964844,17974103,NTPC.NS
2026-04-01,381.29998779296875,381.8999938964844,361.45001220703125,364.6499938964844,15449629,NTPC.NS
2026-04-02,359.95001220703125,361.29998779296875,352.0,359.6499938964844,16551512,NTPC.NS
2026-04-06,358.79998779296875,366.75,355.70001220703125,366.1000061035156,11534034,NTPC.NS
2026-04-07,364.8500061035156,369.79998779296875,362.25,368.8500061035156,12603971,NTPC.NS
2026-04-08,373.5,375.54998779296875,368.25,374.1499938964844,19491331,NTPC.NS
2026-04-09,376.95001220703125,384.20001220703125,376.5,378.6499938964844,18503665,NTPC.NS
2026-04-10,381.20001220703125,384.45001220703125,372.04998779296875,380.1499938964844,14953758,NTPC.NS
2026-04-13,374.3500061035156,388.0,374.3500061035156,386.25,15240045,NTPC.NS
2026-04-15,390.25,393.95001220703125,387.1000061035156,392.6000061035156,7722460,NTPC.NS
2026-04-16,397.0,397.25,387.79998779296875,390.79998779296875,9896906,NTPC.NS
2026-04-17,393.0,396.25,388.45001220703125,393.6000061035156,15320653,NTPC.NS
2026-04-20,393.0,400.8500061035156,390.6499938964844,398.0,9895187,NTPC.NS
2026-04-21,398.6000061035156,402.70001220703125,395.70001220703125,396.20001220703125,9493644,NTPC.NS
2026-04-22,398.0,407.25,393.20001220703125,405.3999938964844,16411131,NTPC.NS
2026-04-23,404.0,405.8999938964844,400.3999938964844,402.25,9144699,NTPC.NS
2026-04-24,404.75,405.25,399.20001220703125,401.8500061035156,6266676,NTPC.NS
2026-04-27,403.8999938964844,414.3999938964844,402.6000061035156,410.20001220703125,13001752,NTPC.NS
2026-04-28,414.0,414.20001220703125,405.95001220703125,406.8500061035156,7726655,NTPC.NS
2026-04-29,409.5,410.0,399.6499938964844,401.29998779296875,11920835,NTPC.NS
2026-04-30,400.0,400.29998779296875,393.1499938964844,399.1499938964844,7706357,NTPC.NS
2026-05-01,399.1499938964844,399.1499938964844,399.1499938964844,399.1499938964844,0,NTPC.NS
2026-05-04,400.0,404.79998779296875,397.25,400.04998779296875,6333200,NTPC.NS
2026-05-05,398.29998779296875,400.5,394.54998779296875,398.6499938964844,6791514,NTPC.NS
2026-05-06,400.0,403.0,391.6499938964844,394.8500061035156,11120409,NTPC.NS
2026-05-07,396.75,403.5,393.1499938964844,400.3500061035156,9700378,NTPC.NS
2026-05-08,398.0,405.1000061035156,397.1499938964844,402.1499938964844,4740939,NTPC.NS
2026-05-11,401.8999938964844,405.0,391.0,392.95001220703125,10088836,NTPC.NS
2026-05-12,392.20001220703125,399.8500061035156,391.25,392.70001220703125,10247516,NTPC.NS
2026-05-13,392.0,394.04998779296875,385.79998779296875,390.45001220703125,12322076,NTPC.NS
2026-05-14,393.70001220703125,398.54998779296875,391.20001220703125,396.29998779296875,7363948,NTPC.NS
2026-05-15,396.0,398.0,392.5,395.25,7107857,NTPC.NS
2026-05-18,393.0,393.8500061035156,384.8999938964844,388.29998779296875,7632596,NTPC.NS
2026-05-19,386.70001220703125,392.75,386.04998779296875,389.3999938964844,6693518,NTPC.NS
2026-05-20,386.1000061035156,393.3500061035156,384.0,392.45001220703125,5386249,NTPC.NS
2026-05-21,393.5,395.54998779296875,387.8500061035156,388.79998779296875,10596954,NTPC.NS
2026-05-22,389.95001220703125,391.5,387.45001220703125,388.6499938964844,11755213,NTPC.NS
2026-05-25,391.95001220703125,392.79998779296875,386.45001220703125,390.04998779296875,10489850,NTPC.NS
2026-05-26,390.75,392.25,389.0,389.70001220703125,9062218,NTPC.NS
2026-05-27,390.3500061035156,403.1000061035156,390.3500061035156,398.1499938964844,14418621,NTPC.NS
2026-05-28,398.1499938964844,398.1499938964844,398.1499938964844,398.1499938964844,0,NTPC.NS
2026-05-29,400.0,401.6499938964844,385.1000061035156,386.8999938964844,17003143,NTPC.NS
2025-05-29,396.3672357640956,396.81458463024103,392.78829313982646,394.97540283203125,3547895,TATAPOWER.NS
2025-05-30,394.67717769885957,397.56020391147507,388.76197864307903,390.5017395019531,6602059,TATAPOWER.NS
2025-06-02,390.5017239096844,395.870152902501,388.8116887748151,394.5280456542969,4988795,TATAPOWER.NS
2025-06-03,394.5280540372277,396.8145847019964,387.569010731732,389.2093505859375,4922600,TATAPOWER.NS
2025-06-04,388.7122823001223,392.6888785384867,386.77367949831097,391.3467712402344,7238701,TATAPOWER.NS
2025-06-05,390.7005751309375,395.6216250449127,390.0046586630347,391.2473449707031,3947460,TATAPOWER.NS
2025-06-06,389.8058274210812,398.45490548335033,389.8058274210812,397.21221923828125,6204861,TATAPOWER.NS
2025-06-09,398.05725136816966,405.11571529760045,397.6595978381354,403.8233337402344,5981383,TATAPOWER.NS
2025-06-10,406.6069412125995,413.5659842162382,403.823336146752,410.7823791503906,10129259,TATAPOWER.NS
2025-06-11,412.5718509198674,414.3613070533091,406.95491492093123,409.63909912109375,6791313,TATAPOWER.NS
2025-06-12,409.5894059439718,410.0864804657485,397.7093127379011,399.2999572753906,5284359,TATAPOWER.NS
2025-06-13,392.6888670772044,397.0631167439311,391.4461807889854,394.8760070800781,4749159,TATAPOWER.NS
2025-06-16,394.6771587843979,398.9022920963215,388.9608019506188,397.0631103515625,3609820,TATAPOWER.NS
2025-06-17,397.06310172748226,399.8467371112315,392.6888522261844,393.7326965332031,3234777,TATAPOWER.NS
2025-06-18,393.7327250383006,395.67132785056407,388.3146308377298,391.0982360839844,2973122,TATAPOWER.NS
2025-06-19,390.20348451948087,391.7941289955171,380.7590689706017,382.29998779296875,4441866,TATAPOWER.NS
2025-06-20,383.5,392.5,381.6000061035156,390.1000061035156,15318217,TATAPOWER.NS
2025-06-23,385.0,394.54998779296875,384.54998779296875,393.0,5195843,TATAPOWER.NS
2025-06-24,395.0,403.79998779296875,394.8500061035156,398.45001220703125,6296902,TATAPOWER.NS
2025-06-25,400.95001220703125,405.6499938964844,400.0,403.04998779296875,6324991,TATAPOWER.NS
2025-06-26,403.04998779296875,406.0,401.5,405.6499938964844,5064123,TATAPOWER.NS
2025-06-27,407.1000061035156,411.5,406.3500061035156,408.8500061035156,5243333,TATAPOWER.NS
2025-06-30,408.8500061035156,410.20001220703125,403.5,405.45001220703125,3232056,TATAPOWER.NS
2025-07-01,406.0,407.79998779296875,403.0,406.54998779296875,3180881,TATAPOWER.NS
2025-07-02,406.54998779296875,410.8999938964844,404.3999938964844,406.6499938964844,4283041,TATAPOWER.NS
2025-07-03,400.0,403.70001220703125,396.6000061035156,399.8999938964844,9669274,TATAPOWER.NS
2025-07-04,399.0,403.54998779296875,398.5,401.0,3432678,TATAPOWER.NS
2025-07-07,401.0,403.54998779296875,398.3999938964844,401.20001220703125,6385392,TATAPOWER.NS
2025-07-08,401.20001220703125,406.6499938964844,397.70001220703125,400.8500061035156,5551339,TATAPOWER.NS
2025-07-09,400.8500061035156,405.5,398.5,400.6499938964844,4148059,TATAPOWER.NS
2025-07-10,400.6499938964844,402.70001220703125,397.79998779296875,399.8999938964844,4302998,TATAPOWER.NS
2025-07-11,399.04998779296875,401.70001220703125,395.3999938964844,396.8500061035156,6893575,TATAPOWER.NS
2025-07-14,396.8500061035156,403.1499938964844,395.5,402.54998779296875,4074490,TATAPOWER.NS
2025-07-15,402.6000061035156,405.29998779296875,398.8500061035156,403.8999938964844,4286434,TATAPOWER.NS
2025-07-16,403.04998779296875,416.75,402.5,414.70001220703125,13501549,TATAPOWER.NS
2025-07-17,415.0,416.3999938964844,411.1499938964844,413.45001220703125,6347491,TATAPOWER.NS
2025-07-18,411.0,414.1499938964844,406.1499938964844,407.8999938964844,4614946,TATAPOWER.NS
2025-07-21,404.0,404.0,395.0,401.8500061035156,7045744,TATAPOWER.NS
2025-07-22,403.75,403.8999938964844,398.5,399.1499938964844,3980682,TATAPOWER.NS
2025-07-23,400.1000061035156,405.0,399.6499938964844,402.5,3778869,TATAPOWER.NS
2025-07-24,402.29998779296875,403.95001220703125,398.70001220703125,400.70001220703125,4023200,TATAPOWER.NS
2025-07-25,399.79998779296875,401.25,394.29998779296875,395.3500061035156,5831294,TATAPOWER.NS
2025-07-28,394.1000061035156,403.79998779296875,393.5,399.20001220703125,5758606,TATAPOWER.NS
2025-07-29,397.0,401.6000061035156,396.0,399.8500061035156,5038609,TATAPOWER.NS
2025-07-30,401.5,403.75,397.70001220703125,401.3500061035156,5468844,TATAPOWER.NS
2025-07-31,396.70001220703125,400.5,396.1000061035156,397.75,5285016,TATAPOWER.NS
2025-08-01,395.1000061035156,398.1499938964844,388.20001220703125,389.29998779296875,6240934,TATAPOWER.NS
2025-08-04,390.0,391.6499938964844,376.25,387.1000061035156,13251686,TATAPOWER.NS
2025-08-05,388.0,390.5,382.70001220703125,385.54998779296875,6366590,TATAPOWER.NS
2025-08-06,385.54998779296875,387.0,381.6499938964844,385.54998779296875,6114204,TATAPOWER.NS
2025-08-07,383.0,386.75,379.0,385.54998779296875,5333971,TATAPOWER.NS
2025-08-08,385.54998779296875,387.1000061035156,376.0,378.79998779296875,3495353,TATAPOWER.NS
2025-08-11,380.0,385.8999938964844,377.5,384.29998779296875,3328976,TATAPOWER.NS
2025-08-12,384.1000061035156,388.95001220703125,383.5,384.45001220703125,2575426,TATAPOWER.NS
2025-08-13,385.5,388.95001220703125,384.3999938964844,387.20001220703125,3757839,TATAPOWER.NS
2025-08-14,387.20001220703125,388.6000061035156,383.1499938964844,385.29998779296875,2662149,TATAPOWER.NS
2025-08-18,389.0,390.0,385.29998779296875,387.29998779296875,3712118,TATAPOWER.NS
2025-08-19,387.3500061035156,389.6499938964844,386.5,389.1499938964844,2047149,TATAPOWER.NS
2025-08-20,388.95001220703125,392.45001220703125,388.04998779296875,390.54998779296875,3045301,TATAPOWER.NS
2025-08-21,390.1000061035156,392.29998779296875,386.79998779296875,388.04998779296875,2551655,TATAPOWER.NS
2025-08-22,387.0,388.70001220703125,384.70001220703125,385.6000061035156,3042678,TATAPOWER.NS
2025-08-25,386.04998779296875,388.3999938964844,382.3999938964844,383.25,4216691,TATAPOWER.NS
2025-08-26,382.1499938964844,383.6000061035156,376.6000061035156,377.75,5561286,TATAPOWER.NS
2025-08-28,377.75,378.5,370.25,371.1000061035156,5704659,TATAPOWER.NS
2025-08-29,371.1000061035156,375.0,368.5,374.1499938964844,5793121,TATAPOWER.NS
2025-09-01,374.1499938964844,381.0,374.1499938964844,380.54998779296875,2169911,TATAPOWER.NS
2025-09-02,380.8999938964844,388.3999938964844,380.0,386.04998779296875,3362410,TATAPOWER.NS
2025-09-03,386.04998779296875,389.70001220703125,385.70001220703125,389.1499938964844,2628692,TATAPOWER.NS
2025-09-04,390.04998779296875,392.0,381.75,382.6000061035156,4114491,TATAPOWER.NS
2025-09-05,382.6000061035156,386.5,380.1000061035156,385.79998779296875,3358057,TATAPOWER.NS
2025-09-08,385.79998779296875,387.79998779296875,382.6000061035156,383.25,2978303,TATAPOWER.NS
2025-09-09,383.5,385.6499938964844,381.1499938964844,384.6499938964844,3129390,TATAPOWER.NS
2025-09-10,386.79998779296875,390.95001220703125,386.04998779296875,386.5,4022433,TATAPOWER.NS
2025-09-11,386.45001220703125,388.70001220703125,385.5,388.1000061035156,3078027,TATAPOWER.NS
2025-09-12,388.20001220703125,389.79998779296875,384.0,386.25,3626792,TATAPOWER.NS
2025-09-15,386.0,390.95001220703125,385.5,388.0,3837268,TATAPOWER.NS
2025-09-16,388.0,399.79998779296875,388.0,396.04998779296875,10102211,TATAPOWER.NS
2025-09-17,397.25,397.79998779296875,393.54998779296875,394.6499938964844,4229347,TATAPOWER.NS
2025-09-18,395.04998779296875,397.0,390.1000061035156,393.1000061035156,3956999,TATAPOWER.NS
2025-09-19,393.25,397.5,393.1499938964844,396.29998779296875,5457632,TATAPOWER.NS
2025-09-22,396.0,399.8999938964844,394.0,395.29998779296875,4424464,TATAPOWER.NS
2025-09-23,396.5,398.20001220703125,394.25,395.5,2963511,TATAPOWER.NS
2025-09-24,394.5,396.3999938964844,389.20001220703125,390.29998779296875,3121538,TATAPOWER.NS
2025-09-25,390.29998779296875,392.3999938964844,385.20001220703125,386.0,3091484,TATAPOWER.NS
2025-09-26,386.0,387.0,382.20001220703125,383.79998779296875,3519702,TATAPOWER.NS
2025-09-29,384.25,389.45001220703125,383.25,388.04998779296875,3592071,TATAPOWER.NS
2025-09-30,388.0,392.04998779296875,386.1000061035156,388.6499938964844,3229139,TATAPOWER.NS
2025-10-01,388.6499938964844,392.79998779296875,388.6000061035156,391.1499938964844,2705427,TATAPOWER.NS
2025-10-03,392.0,395.5,390.0,394.8999938964844,4157330,TATAPOWER.NS
2025-10-06,394.8999938964844,396.3999938964844,389.29998779296875,395.54998779296875,4190489,TATAPOWER.NS
2025-10-07,395.5,397.5,391.25,392.5,5544502,TATAPOWER.NS
2025-10-08,391.5,393.3999938964844,384.25,385.45001220703125,5286159,TATAPOWER.NS
2025-10-09,386.79998779296875,389.6499938964844,381.5,388.20001220703125,5139999,TATAPOWER.NS
2025-10-10,396.0,396.79998779296875,389.6000061035156,390.1000061035156,7725390,TATAPOWER.NS
2025-10-13,388.0,392.04998779296875,385.25,391.1499938964844,4861965,TATAPOWER.NS
2025-10-14,391.1499938964844,393.1000061035156,387.70001220703125,391.54998779296875,4978714,TATAPOWER.NS
2025-10-15,391.54998779296875,397.29998779296875,391.29998779296875,396.5,4091897,TATAPOWER.NS
2025-10-16,397.0,402.79998779296875,396.1499938964844,399.0,5611314,TATAPOWER.NS
2025-10-17,399.0,400.5,394.54998779296875,397.79998779296875,4998891,TATAPOWER.NS
2025-10-20,398.29998779296875,401.0,396.6499938964844,399.79998779296875,4130123,TATAPOWER.NS
2025-10-21,400.0,401.20001220703125,397.54998779296875,398.79998779296875,712785,TATAPOWER.NS
2025-10-23,398.8500061035156,403.8500061035156,396.1499938964844,397.6499938964844,5231732,TATAPOWER.NS
2025-10-24,397.6499938964844,399.20001220703125,394.0,396.8500061035156,5032576,TATAPOWER.NS
2025-10-27,396.8999938964844,401.75,395.6499938964844,400.25,2799280,TATAPOWER.NS
2025-10-28,400.25,401.8500061035156,396.1000061035156,398.6499938964844,3949368,TATAPOWER.NS
2025-10-29,399.0,412.3999938964844,398.70001220703125,410.70001220703125,10944400,TATAPOWER.NS
2025-10-30,411.04998779296875,413.25,408.29998779296875,409.79998779296875,3782450,TATAPOWER.NS
2025-10-31,409.6000061035156,409.8999938964844,404.5,404.8999938964844,5071291,TATAPOWER.NS
2025-11-03,403.8500061035156,409.5,401.25,408.6000061035156,4166052,TATAPOWER.NS
2025-11-04,407.5,408.0,398.54998779296875,400.6000061035156,6132035,TATAPOWER.NS
2025-11-06,400.70001220703125,402.29998779296875,390.25,391.75,5024909,TATAPOWER.NS
2025-11-07,390.95001220703125,394.3999938964844,386.0,393.20001220703125,4676601,TATAPOWER.NS
2025-11-10,393.20001220703125,397.8999938964844,392.3500061035156,395.8500061035156,2906630,TATAPOWER.NS
2025-11-11,395.79998779296875,396.3999938964844,390.04998779296875,395.6000061035156,3826554,TATAPOWER.NS
2025-11-12,390.0,395.8999938964844,387.5,388.6499938964844,7856248,TATAPOWER.NS
2025-11-13,389.3999938964844,392.70001220703125,385.0,388.79998779296875,5052456,TATAPOWER.NS
2025-11-14,388.79998779296875,390.0,385.1499938964844,388.3999938964844,5263918,TATAPOWER.NS
2025-11-17,388.5,393.3999938964844,388.5,392.75,6120004,TATAPOWER.NS
2025-11-18,394.0,394.0,385.5,386.25,4583330,TATAPOWER.NS
2025-11-19,386.95001220703125,389.75,384.20001220703125,389.1000061035156,3747191,TATAPOWER.NS
2025-11-20,389.25,392.0,387.0,388.1000061035156,3477240,TATAPOWER.NS
2025-11-21,388.04998779296875,390.20001220703125,385.70001220703125,387.0,4036922,TATAPOWER.NS
2025-11-24,390.0,391.5,381.20001220703125,382.54998779296875,5819567,TATAPOWER.NS
2025-11-25,383.0,383.6499938964844,379.0,380.0,4238096,TATAPOWER.NS
2025-11-26,380.5,392.0,380.29998779296875,391.5,4917525,TATAPOWER.NS
2025-11-27,392.3999938964844,399.95001220703125,391.5,392.04998779296875,7412732,TATAPOWER.NS
2025-11-28,392.20001220703125,393.95001220703125,389.3999938964844,390.1000061035156,3760769,TATAPOWER.NS
2025-12-01,390.6499938964844,393.0,386.70001220703125,389.75,3420680,TATAPOWER.NS
2025-12-02,387.1000061035156,389.1499938964844,385.8999938964844,388.45001220703125,3302460,TATAPOWER.NS
2025-12-03,387.20001220703125,389.1000061035156,382.29998779296875,383.6499938964844,3885600,TATAPOWER.NS
2025-12-04,383.6000061035156,386.8500061035156,382.0,384.45001220703125,3786100,TATAPOWER.NS
2025-12-05,385.0,386.0,380.54998779296875,384.5,5332479,TATAPOWER.NS
2025-12-08,383.20001220703125,385.25,372.29998779296875,374.1499938964844,7008862,TATAPOWER.NS
2025-12-09,373.5,378.3500061035156,369.79998779296875,376.25,2822828,TATAPOWER.NS
2025-12-10,376.75,382.3999938964844,376.5,379.8500061035156,4914788,TATAPOWER.NS
2025-12-11,379.8500061035156,382.25,376.20001220703125,380.1499938964844,3985013,TATAPOWER.NS
2025-12-12,382.1000061035156,383.6000061035156,379.79998779296875,381.95001220703125,6778054,TATAPOWER.NS
2025-12-15,380.0,382.3999938964844,378.0,381.6499938964844,3359948,TATAPOWER.NS
2025-12-16,381.6499938964844,381.8999938964844,378.20001220703125,379.8500061035156,2682924,TATAPOWER.NS
2025-12-17,379.8500061035156,383.29998779296875,377.29998779296875,378.54998779296875,2168123,TATAPOWER.NS
2025-12-18,377.5,377.6499938964844,373.0,374.95001220703125,3323975,TATAPOWER.NS
2025-12-19,375.04998779296875,381.45001220703125,373.5,380.54998779296875,3882916,TATAPOWER.NS
2025-12-22,381.0,382.70001220703125,380.0,380.79998779296875,3280837,TATAPOWER.NS
2025-12-23,380.79998779296875,383.5,380.5,382.20001220703125,2330687,TATAPOWER.NS
2025-12-24,382.20001220703125,383.70001220703125,379.0,379.70001220703125,5215726,TATAPOWER.NS
2025-12-26,378.8999938964844,381.8999938964844,378.1000061035156,379.54998779296875,2459099,TATAPOWER.NS
2025-12-29,379.0,380.29998779296875,375.1499938964844,376.20001220703125,2379612,TATAPOWER.NS
2025-12-30,376.04998779296875,376.8999938964844,372.70001220703125,374.3500061035156,1675136,TATAPOWER.NS
2025-12-31,375.0,380.75,374.79998779296875,379.6000061035156,2075846,TATAPOWER.NS
2026-01-01,380.0,382.25,379.0,381.8500061035156,1798707,TATAPOWER.NS
2026-01-02,381.8500061035156,393.6499938964844,381.25,393.1000061035156,13045325,TATAPOWER.NS
2026-01-05,392.5,393.0,387.29998779296875,388.8500061035156,3966735,TATAPOWER.NS
2026-01-06,388.8500061035156,390.45001220703125,384.75,386.5,3689482,TATAPOWER.NS
2026-01-07,386.6000061035156,387.8999938964844,379.0,380.75,4136188,TATAPOWER.NS
2026-01-08,380.1499938964844,381.8500061035156,373.04998779296875,374.20001220703125,3791372,TATAPOWER.NS
2026-01-09,373.0,374.0,362.95001220703125,364.79998779296875,5875179,TATAPOWER.NS
2026-01-12,364.79998779296875,371.3500061035156,360.1000061035156,370.6000061035156,5589564,TATAPOWER.NS
2026-01-13,370.6000061035156,372.20001220703125,365.1499938964844,368.45001220703125,3242292,TATAPOWER.NS
2026-01-14,366.3999938964844,370.0,366.29998779296875,367.3999938964844,3084937,TATAPOWER.NS
2026-01-15,367.3999938964844,367.3999938964844,367.3999938964844,367.3999938964844,0,TATAPOWER.NS
2026-01-16,368.0,372.3500061035156,364.20001220703125,366.1000061035156,3726735,TATAPOWER.NS
2026-01-19,366.1000061035156,368.70001220703125,362.0,363.20001220703125,2283012,TATAPOWER.NS
2026-01-20,362.45001220703125,364.1499938964844,351.1000061035156,352.95001220703125,3143726,TATAPOWER.NS
2026-01-21,351.95001220703125,353.6000061035156,346.5,349.3500061035156,4066338,TATAPOWER.NS
2026-01-22,351.0,354.95001220703125,349.79998779296875,353.29998779296875,3432952,TATAPOWER.NS
2026-01-23,355.0,355.0,344.1000061035156,345.25,3122016,TATAPOWER.NS
2026-01-27,345.70001220703125,349.95001220703125,342.5,347.75,3960617,TATAPOWER.NS
2026-01-28,349.0,355.8999938964844,348.70001220703125,355.04998779296875,6892969,TATAPOWER.NS
2026-01-29,357.3999938964844,367.5,356.5,366.45001220703125,4356054,TATAPOWER.NS
2026-01-30,366.0,367.0,360.1000061035156,366.29998779296875,5917250,TATAPOWER.NS
2026-02-02,355.0,360.54998779296875,348.3999938964844,358.79998779296875,3274185,TATAPOWER.NS
2026-02-03,367.29998779296875,371.6000061035156,364.0,365.1000061035156,3756665,TATAPOWER.NS
2026-02-04,365.1000061035156,372.25,363.6000061035156,371.54998779296875,4215317,TATAPOWER.NS
2026-02-05,363.0,366.75,360.70001220703125,364.5,5457078,TATAPOWER.NS
2026-02-06,364.3999938964844,366.54998779296875,361.0,365.95001220703125,2245318,TATAPOWER.NS
2026-02-09,367.0,369.1000061035156,365.1000061035156,368.70001220703125,2824091,TATAPOWER.NS
2026-02-10,369.0,370.3999938964844,367.6499938964844,369.95001220703125,1910161,TATAPOWER.NS
2026-02-11,370.1499938964844,377.3999938964844,366.6499938964844,375.6499938964844,3457996,TATAPOWER.NS
2026-02-12,376.20001220703125,381.5,371.5,380.54998779296875,6063960,TATAPOWER.NS
2026-02-13,377.0,377.79998779296875,370.6499938964844,374.1000061035156,4441440,TATAPOWER.NS
2026-02-16,372.0,384.25,370.8999938964844,382.1000061035156,3884952,TATAPOWER.NS
2026-02-17,381.3999938964844,384.1000061035156,377.0,378.3999938964844,3799013,TATAPOWER.NS
2026-02-18,378.3999938964844,382.1499938964844,377.95001220703125,379.6000061035156,2150233,TATAPOWER.NS
2026-02-19,379.5,381.75,368.29998779296875,369.29998779296875,3203557,TATAPOWER.NS
2026-02-20,369.29998779296875,379.20001220703125,369.25,378.0,2844023,TATAPOWER.NS
2026-02-23,379.0,381.54998779296875,376.79998779296875,379.25,3229333,TATAPOWER.NS
2026-02-24,377.0,380.45001220703125,372.5,379.75,3005896,TATAPOWER.NS
2026-02-25,380.0,383.6499938964844,376.5,381.25,3122278,TATAPOWER.NS
2026-02-26,380.79998779296875,385.3999938964844,378.25,380.3999938964844,3190045,TATAPOWER.NS
2026-02-27,380.3999938964844,381.5,376.25,377.54998779296875,3197689,TATAPOWER.NS
2026-03-02,356.0,373.95001220703125,356.0,368.3500061035156,5645823,TATAPOWER.NS
2026-03-04,362.29998779296875,369.8999938964844,362.1000061035156,365.8500061035156,5707031,TATAPOWER.NS
2026-03-05,366.25,378.5,366.25,376.8500061035156,5981063,TATAPOWER.NS
2026-03-06,375.0,385.25,373.1000061035156,375.5,3748549,TATAPOWER.NS
2026-03-09,366.5,374.20001220703125,365.1499938964844,372.8999938964844,5063475,TATAPOWER.NS
2026-03-10,375.8999938964844,384.1499938964844,375.8999938964844,381.29998779296875,7675259,TATAPOWER.NS
2026-03-11,383.0,392.5,382.3500061035156,385.75,9679700,TATAPOWER.NS
2026-03-12,384.0,407.3500061035156,383.45001220703125,402.1499938964844,25007929,TATAPOWER.NS
2026-03-13,402.1499938964844,406.04998779296875,393.45001220703125,394.95001220703125,9072187,TATAPOWER.NS
2026-03-16,395.54998779296875,398.8999938964844,385.0,390.54998779296875,8028549,TATAPOWER.NS
2026-03-17,391.0,402.29998779296875,391.0,400.8500061035156,12085084,TATAPOWER.NS
2026-03-18,402.5,405.5,398.25,400.3500061035156,7348301,TATAPOWER.NS
2026-03-19,397.5,404.3999938964844,393.04998779296875,398.5,8123743,TATAPOWER.NS
2026-03-20,402.0,418.45001220703125,401.0,402.3999938964844,25154921,TATAPOWER.NS
2026-03-23,402.70001220703125,403.29998779296875,373.0,386.95001220703125,15173788,TATAPOWER.NS
2026-03-24,395.0,395.0,383.79998779296875,384.75,9726871,TATAPOWER.NS
2026-03-25,388.0,395.0,387.04998779296875,390.70001220703125,6900597,TATAPOWER.NS
2026-03-27,390.0,391.54998779296875,384.6000061035156,385.70001220703125,9994317,TATAPOWER.NS
2026-03-30,381.0,388.75,377.95001220703125,378.75,9446563,TATAPOWER.NS
2026-04-01,390.70001220703125,390.8999938964844,378.54998779296875,380.20001220703125,6063436,TATAPOWER.NS
2026-04-02,378.8500061035156,386.6499938964844,368.0,385.0,9543544,TATAPOWER.NS
2026-04-06,385.04998779296875,387.0,378.45001220703125,383.8500061035156,6691437,TATAPOWER.NS
2026-04-07,381.95001220703125,388.70001220703125,378.45001220703125,387.70001220703125,4381799,TATAPOWER.NS
2026-04-08,395.0,397.45001220703125,392.04998779296875,394.95001220703125,7324411,TATAPOWER.NS
2026-04-09,395.0,398.8500061035156,392.0,394.70001220703125,8546666,TATAPOWER.NS
2026-04-10,396.5,401.3500061035156,394.8999938964844,399.3500061035156,6096752,TATAPOWER.NS
2026-04-13,394.95001220703125,417.0,390.25,409.54998779296875,20611836,TATAPOWER.NS
2026-04-15,415.0,423.8999938964844,410.0,421.8500061035156,17610989,TATAPOWER.NS
2026-04-16,427.3999938964844,429.6499938964844,416.20001220703125,426.6000061035156,14102437,TATAPOWER.NS
2026-04-17,429.0,432.0,424.6000061035156,427.6000061035156,7377006,TATAPOWER.NS
2026-04-20,427.5,438.5,424.45001220703125,433.6000061035156,13081794,TATAPOWER.NS
2026-04-21,435.0,439.04998779296875,431.6499938964844,436.04998779296875,9014937,TATAPOWER.NS
2026-04-22,436.0,440.79998779296875,434.79998779296875,436.04998779296875,5945688,TATAPOWER.NS
2026-04-23,435.5,437.79998779296875,427.54998779296875,430.29998779296875,7927709,TATAPOWER.NS
2026-04-24,431.0,436.70001220703125,426.0,435.0,6780544,TATAPOWER.NS
2026-04-27,436.6000061035156,455.95001220703125,435.20001220703125,453.20001220703125,16399806,TATAPOWER.NS
2026-04-28,454.0,464.8999938964844,454.0,461.79998779296875,16158141,TATAPOWER.NS
2026-04-29,464.29998779296875,464.3999938964844,449.3999938964844,451.5,7412182,TATAPOWER.NS
2026-04-30,450.0,450.0,439.29998779296875,444.54998779296875,6116311,TATAPOWER.NS
2026-05-01,444.54998779296875,444.54998779296875,444.54998779296875,444.54998779296875,0,TATAPOWER.NS
2026-05-04,445.5,448.0,438.5,441.3999938964844,4920694,TATAPOWER.NS
2026-05-05,441.04998779296875,445.75,436.6499938964844,442.6499938964844,6785881,TATAPOWER.NS
2026-05-06,444.5,446.29998779296875,439.5,443.25,4255437,TATAPOWER.NS
2026-05-07,445.1499938964844,446.0,438.20001220703125,439.25,5471848,TATAPOWER.NS
2026-05-08,438.1000061035156,440.6000061035156,434.70001220703125,436.0,4061354,TATAPOWER.NS
2026-05-11,434.0,437.95001220703125,428.70001220703125,433.20001220703125,4156495,TATAPOWER.NS
2026-05-12,431.20001220703125,433.3999938964844,417.25,418.3999938964844,6821438,TATAPOWER.NS
2026-05-13,391.0,413.75,390.79998779296875,404.45001220703125,20958608,TATAPOWER.NS
2026-05-14,405.8500061035156,411.29998779296875,402.20001220703125,407.8500061035156,5795421,TATAPOWER.NS
2026-05-15,409.3999938964844,412.25,405.0,407.0,4344049,TATAPOWER.NS
2026-05-18,404.6000061035156,405.70001220703125,395.95001220703125,404.3500061035156,6007649,TATAPOWER.NS
2026-05-19,404.29998779296875,418.5,403.3999938964844,415.0,7454213,TATAPOWER.NS
2026-05-20,411.79998779296875,415.95001220703125,409.75,413.5,4390666,TATAPOWER.NS
2026-05-21,416.0,417.0,409.0,410.5,5013888,TATAPOWER.NS
2026-05-22,411.0,412.95001220703125,406.1499938964844,408.8999938964844,4398760,TATAPOWER.NS
2026-05-25,411.25,415.1000061035156,409.3999938964844,413.54998779296875,3635798,TATAPOWER.NS
2026-05-26,415.25,426.79998779296875,414.0,420.95001220703125,9332347,TATAPOWER.NS
2026-05-27,420.79998779296875,430.3999938964844,419.5,425.79998779296875,6171033,TATAPOWER.NS
2026-05-28,425.79998779296875,425.79998779296875,425.79998779296875,425.79998779296875,0,TATAPOWER.NS
2026-05-29,429.8999938964844,434.0,419.6499938964844,420.75,8197538,TATAPOWER.NS
